,baseMean,log2FoldChange,lfcSE,stat,pvalue,padj,sig,miRNA
pha-miR-113,72.2734359164148,4.22939704839535,0.314673771110588,13.4405769933363,3.4969922381193e-41,1.6855502587735e-38,TRUE,pha-miR-113
mmu-miR-6240,40.0339664136577,2.09211489101589,0.221393471061314,9.44975875298727,3.39612518487463e-21,8.18466169554787e-19,TRUE,mmu-miR-6240
mmy-can-312,11.5041515455954,1.72510863641609,0.2274172307633,7.58565492432546,3.30811779118321e-14,5.31504258450102e-12,TRUE,mmy-can-312
mmy-can-253,47.3577403508701,1.54775781520437,0.210255482607326,7.36131964793982,1.8210092507425e-13,2.19431614714471e-11,TRUE,mmy-can-253
mmy-can-154,247.98809425586,1.14413489324033,0.173369428783391,6.59940395068051,4.12814096889535e-11,3.97952789401512e-09,TRUE,mmy-can-154
mmu-miR-2137,2.84303388347487,4.15289490316773,0.641896391097347,6.46972776411501,9.81796387239477e-11,7.88709764415713e-09,TRUE,mmu-miR-2137
mmy-can-254,11.2885552877321,1.39752517831186,0.235048146141268,5.94569751455059,2.7528208597274e-09,1.89551379198372e-07,TRUE,mmy-can-254
mlu-miR-101A-3p,113.354148909276,-0.706380928084517,0.137151393387366,-5.15037369025802,2.59967962009686e-07,1.56630697110836e-05,TRUE,mlu-miR-101A-3p
mmy-can-355,105.110100972062,-0.683745416112419,0.137807203779702,-4.96160866311061,6.99117409076005e-07,3.7441621241626e-05,TRUE,mmy-can-355
hsa-miR-10400-5p,3.0350858904367,2.5232757207629,0.529804703479047,4.76265254761501,1.91064659396941e-06,9.20931658293255e-05,TRUE,hsa-miR-10400-5p
hsa-miR-7704,1.33741525156565,3.55654486230625,0.759060502019582,4.68545636723764,2.79336805435617e-06,NA,FALSE,hsa-miR-7704
hsa-miR-144-5p,397.380114466655,-0.849164078781833,0.191099169383248,-4.44357807269608,8.84750302499554e-06,0.000355374704837321,TRUE,hsa-miR-144-5p
mmu-miR-144-5p,397.380114466655,-0.849164078781833,0.191099169383248,-4.44357807269608,8.84750302499554e-06,0.000355374704837321,TRUE,mmu-miR-144-5p
mmu-miR-142a-5p,8413.45847438901,-0.65375725230497,0.150555565152555,-4.34229881600545,1.40999581064185e-05,0.000522783062099517,TRUE,mmu-miR-142a-5p
hsa-miR-4508,135.072555805086,1.07864105804553,0.25614572742358,4.21104450538743,2.54192657252565e-05,0.000727755565489347,TRUE,hsa-miR-4508
mmy-can-382,10585.9910095295,-0.534366192855297,0.126951772084204,-4.20920625275609,2.56269375711655e-05,0.000727755565489347,TRUE,mmy-can-382
hsa-miR-18a-5p,10587.8718868829,-0.534254309235675,0.12693602957266,-4.20884685801409,2.56677274135247e-05,0.000727755565489347,TRUE,hsa-miR-18a-5p
mlu-miR-18A-5p,10587.8718868829,-0.534254309235675,0.12693602957266,-4.20884685801409,2.56677274135247e-05,0.000727755565489347,TRUE,mlu-miR-18A-5p
mmy-can-139,3.35644978669737,1.64322938981574,0.394361503395025,4.16680983227144,3.08891968859952e-05,0.000827144049947204,TRUE,mmy-can-139
mlu-miR-144-3p,930.810511251716,-1.08085605071779,0.265014247653383,-4.07848279965483,4.53305553508778e-05,0.00114996461469069,TRUE,mlu-miR-144-3p
hsa-let-7b-5p,43619.6130026914,0.44128162028528,0.111792073834476,3.94734264379656,7.90234227280607e-05,0.00173094232895713,TRUE,hsa-let-7b-5p
hsa-let-7a-5p,766052.216824078,0.293606883826986,0.0745557772467318,3.93808360223159,8.21349790833108e-05,0.00173094232895713,TRUE,hsa-let-7a-5p
mlu-leT-7A-5p,255002.449222462,0.293603471268097,0.0745694850329964,3.93731391786036,8.23987837803086e-05,0.00173094232895713,TRUE,mlu-leT-7A-5p
mmy-can-354,254962.389753613,0.293604930868333,0.0745807721479065,3.93673761229052,8.25968331245106e-05,0.00173094232895713,TRUE,mmy-can-354
mmy-can-345,649.939963086102,-0.740118290064443,0.202114665775619,-3.66187326003397,0.0002503777270908,0.0050284193524069,TRUE,mmy-can-345
hsa-miR-18b-5p,191.870779157794,-0.558298856845266,0.154513852601584,-3.61326086590337,0.00030237022083699,0.00560547870936266,TRUE,hsa-miR-18b-5p
mlu-miR-18b-5p,191.870779157794,-0.558298856845266,0.154513852601584,-3.61326086590337,0.00030237022083699,0.00560547870936266,TRUE,mlu-miR-18b-5p
pha-miR-144,4.14896539941984,2.36610843146899,0.658139625870474,3.59514658966098,0.000324208971893957,0.00578773053529213,TRUE,pha-miR-144
mlu-miR-16-2-3p,78.9897653071407,-0.729873255702652,0.203789802783695,-3.58150037800149,0.000341626643639115,0.00580388836508053,TRUE,mlu-miR-16-2-3p
mlu-miR-30e-5p,1406.21716829302,-0.43869885387643,0.122991848108237,-3.56689374640798,0.000361237865046506,0.00580388836508053,TRUE,mlu-miR-30e-5p
mmu-miR-30e-5p,1406.21716829302,-0.43869885387643,0.122991848108237,-3.56689374640798,0.000361237865046506,0.00580388836508053,TRUE,mmu-miR-30e-5p
mmy-can-347,1404.72073692949,-0.437581861823935,0.122987812401906,-3.55792865388955,0.000373790802826507,0.00581184409556053,TRUE,mmy-can-347
mmy-can-216,3.00568056575884,1.74019962416611,0.490693567072812,3.54640806592821,0.000390520975525728,0.00588222219385628,TRUE,mmy-can-216
mmy-can-539,242.169085919252,-0.581137979447608,0.164743876221499,-3.52752401349514,0.000419465710995743,0.00599869767498277,TRUE,mmy-can-539
mmy-can-386,334.760507522596,-0.638338828855912,0.181078159742205,-3.52521159793481,0.000423144649272643,0.00599869767498277,TRUE,mmy-can-386
mmy-can-349,17488.8182608061,-0.443378990797083,0.127115469119786,-3.48800184483661,0.000486644721146785,0.00656834181176626,TRUE,mmy-can-349
mmy-can-296,11.8766297279198,0.83259860401796,0.238851162862176,3.48584697700799,0.000490581546107024,0.00656834181176626,TRUE,mmy-can-296
mlu-miR-142-3p,381.55073381084,-0.622916598859144,0.183012636120262,-3.40368081715303,0.000664843930391094,0.00866093984995966,TRUE,mlu-miR-142-3p
mlu-miR-140-5p,195.525191551381,-0.477156925249303,0.140795157781564,-3.38901516762092,0.000701441304306432,0.00866909509424872,TRUE,mlu-miR-140-5p
mmu-miR-140-5p,195.525191551381,-0.477156925249303,0.140795157781564,-3.38901516762092,0.000701441304306432,0.00866909509424872,TRUE,mmu-miR-140-5p
hsa-miR-1224-5p,36.3543860723204,0.514394645705448,0.155242330812511,3.31349473441424,0.000921378419849195,0.0109005917996908,TRUE,hsa-miR-1224-5p
hsa-miR-24-2-5p,15.2323201593671,-0.609789995208875,0.184980508088496,-3.29650946205179,0.000978943170180569,0.0109005917996908,TRUE,hsa-miR-24-2-5p
hsa-miR-423-5p,48592.7088266217,0.444108609257873,0.135245425012348,3.28372371351803,0.00102445300356387,0.0109005917996908,TRUE,hsa-miR-423-5p
mlu-miR-423-5p,48592.7088266217,0.444108609257873,0.135245425012348,3.28372371351803,0.00102445300356387,0.0109005917996908,TRUE,mlu-miR-423-5p
rno-miR-423-5p,48592.7088266217,0.444108609257873,0.135245425012348,3.28372371351803,0.00102445300356387,0.0109005917996908,TRUE,rno-miR-423-5p
mmy-can-360,48573.8112000722,0.44411098607683,0.135266528178914,3.28322898543988,0.00102625268299078,0.0109005917996908,TRUE,mmy-can-360
mmy-can-343,90902.4498650195,0.256681697537068,0.0782710930552734,3.2793932921801,0.00104030544146427,0.0109005917996908,TRUE,mmy-can-343
hsa-miR-3064-5p,13.3008125007125,0.656151359267516,0.209192447947368,3.13659200275051,0.00170923799958052,0.0175287811871874,TRUE,hsa-miR-3064-5p
mlu-miR-3064-5p,13.320016824922,0.650081829542522,0.208452956228382,3.11860211198104,0.00181711165047359,0.0178744452148626,TRUE,mlu-miR-3064-5p
mmu-miR-3064-5p,13.320016824922,0.650081829542522,0.208452956228382,3.11860211198104,0.00181711165047359,0.0178744452148626,TRUE,mmu-miR-3064-5p
rno-miR-3064-5p,13.0953594402993,0.644254750941268,0.207316814553351,3.10758561638749,0.00188622341164808,0.0181831936882875,TRUE,rno-miR-3064-5p
mmu-miR-3969,4.47631086106072,-1.06521961812579,0.347130542332854,-3.06864273874347,0.00215033575312723,0.0202446129955058,TRUE,mmu-miR-3969
mlu-miR-106b-5p,27563.9208139268,-0.423470871879534,0.138462023297515,-3.05839003211456,0.00222529735911002,0.0202446129955058,TRUE,mlu-miR-106b-5p
mmu-miR-106b-5p,27557.0636172444,-0.423443270417154,0.138457691698547,-3.05828636331077,0.00222606740407014,0.0202446129955058,TRUE,mmu-miR-106b-5p
mmy-can-394,2.57392814274332,-1.55745994360303,0.510853958109215,-3.04873813519532,0.00229804699485672,0.0205121972503877,TRUE,mmy-can-394
mlu-miR-186-3p,10.8661296904488,-0.661941921284476,0.219012444806495,-3.02239410125449,0.00250783813270322,0.0219777814538718,TRUE,mlu-miR-186-3p
mlu-miR-181C-3p,76.4850157127847,-0.408494381504386,0.136454102193006,-2.99363943581993,0.00275671512275845,0.0234029708755672,TRUE,mlu-miR-181C-3p
mlu-miR-143-3p,19.7224597934683,-0.788519231798457,0.264080548093771,-2.98590425341917,0.00282741154319767,0.0234029708755672,TRUE,mlu-miR-143-3p
hsa-miR-660-5p,134.279125981848,-0.437575653388197,0.147040313670284,-2.97588900938687,0.0029214057222532,0.0234029708755672,TRUE,hsa-miR-660-5p
hsa-miR-181d-5p,537.757613481433,0.502174171493681,0.168828974097321,2.97445491319637,0.00293509585475417,0.0234029708755672,TRUE,hsa-miR-181d-5p
mmy-can-404,134.238189332577,-0.436839171761953,0.147088030544613,-2.96991651968211,0.00297880685450089,0.0234029708755672,TRUE,mmy-can-404
mlu-miR-671-5p,41.6933988121866,-0.420635398847705,0.141786574508165,-2.96668002811142,0.00301034065204392,0.0234029708755672,TRUE,mlu-miR-671-5p
pha-miR-117,41.6933988121866,-0.420635398847705,0.141786574508165,-2.96668002811142,0.00301034065204392,0.0234029708755672,TRUE,pha-miR-117
mlu-miR-181d-5p,538.643482432498,0.498911456445242,0.16885709198723,2.95463726500142,0.00313036863996026,0.0238426796075942,TRUE,mlu-miR-181d-5p
mmy-can-389,538.194045140875,0.498497416362886,0.168915777470135,2.95115958869516,0.00316583297694197,0.0238426796075942,TRUE,mmy-can-389
mmy-can-366,4371.03906230073,-0.407931587320208,0.139289740525869,-2.92865494457897,0.00340432110436517,0.0251361338333796,TRUE,mmy-can-366
hsa-miR-21-5p,4377.44278291695,-0.40744401231611,0.13928554332138,-2.92524265333118,0.0034418772468943,0.0251361338333796,TRUE,hsa-miR-21-5p
mmy-can-460,48.9379265255508,0.425485288819889,0.146197742654093,2.91034102918126,0.00361034578901246,0.0259729353776717,TRUE,mmy-can-460
hsa-let-7c-5p,5010.36381797305,0.36101869154866,0.124504530060775,2.89964301999641,0.00373587867134822,0.0264807870527918,TRUE,hsa-let-7c-5p
mmy-can-492,4962.65901093611,0.360464091343097,0.124708179441407,2.89046069758768,0.00384677628580977,0.0268716836197146,TRUE,mmy-can-492
mlu-miR-19b-3p,250.422937251673,-0.552797833240583,0.192497425425844,-2.87171546329869,0.0040825036960969,0.0281109540216958,TRUE,mlu-miR-19b-3p
mmy-can-238,572.79918277057,0.485173290487607,0.169666118905507,2.85957675944611,0.00424206742532481,0.0287982605493881,TRUE,mmy-can-238
mmy-can-273,120.313462339221,0.508813809514107,0.179137114134967,2.84035953113967,0.00450627141335838,0.0301669836283158,TRUE,mmy-can-273
mmu-miR-362-5p,62.8826084686895,-0.545180674846854,0.192290157632775,-2.83519802343711,0.00457972886051345,0.0302387576817464,TRUE,mmu-miR-362-5p
rno-miR-340-5p,98.8724087138376,-0.618049137091644,0.218454382225102,-2.82919083973691,0.00466658627591761,0.030395872770166,TRUE,rno-miR-340-5p
mmy-can-403,49.3978559888652,-0.612093201265164,0.219637504523434,-2.78683370853841,0.00532257843561272,0.0342051296325345,TRUE,mmy-can-403
mmy-can-407,155.757903230635,-0.256707576420197,0.0922562004342758,-2.78255093112227,0.00539333994205938,0.0342051296325345,TRUE,mmy-can-407
mlu-miR-324-3p,91.2996205723056,0.291894002562195,0.105875087575129,2.75696586654596,0.00583404411963091,0.0357306632322843,TRUE,mlu-miR-324-3p
hsa-miR-181b-5p,1642.61979043203,0.284933041221463,0.103523950888333,2.75233932608317,0.00591711745093442,0.0357306632322843,TRUE,hsa-miR-181b-5p
mmu-miR-181b-5p,1643.1084660208,0.28483644837763,0.103530438933546,2.75123385268812,0.00593712427061134,0.0357306632322843,TRUE,mmu-miR-181b-5p
mmy-can-444,2.46356891777573,-1.16954848278996,0.425672088176657,-2.74753387707345,0.0060045305431847,0.0357306632322843,TRUE,mmy-can-444
rno-miR-135b-5p,2.46356891777573,-1.16954848278996,0.425672088176657,-2.74753387707345,0.0060045305431847,0.0357306632322843,TRUE,rno-miR-135b-5p
mlu-miR-181b-5p,825.596034445553,0.282952066847716,0.103201416600639,2.74174595822325,0.0061113587173621,0.0359228646557138,TRUE,mlu-miR-181b-5p
mmy-can-525,824.509753541183,0.281738761998659,0.103198998658491,2.73005325304558,0.00633240955321443,0.0367737518632452,TRUE,mmy-can-525
mmy-can-325,86.3091691717553,1.01281850326071,0.374848049402669,2.7019441741118,0.00689353357308814,0.0395557521693867,TRUE,mmy-can-325
hsa-miR-148b-5p,15.147367265133,-0.492769780173359,0.185948248375182,-2.65003722529891,0.00804829025560123,0.0456385400376446,TRUE,hsa-miR-148b-5p
mmu-miR-148b-5p,15.16953737277,-0.48684943619091,0.185260278764713,-2.62792131933054,0.0085908383560979,0.0475952193981516,TRUE,mmu-miR-148b-5p
rno-miR-148b-5p,15.16953737277,-0.48684943619091,0.185260278764713,-2.62792131933054,0.0085908383560979,0.0475952193981516,TRUE,rno-miR-148b-5p
mmy-can-468,5185.04247968257,-0.18938746717004,0.0726334944140544,-2.60743984160281,0.00912220983153843,0.0496788146268137,TRUE,mmy-can-468
mmu-miR-181a-5p,24654.6199101692,0.30109601884129,0.11569220240419,2.60256104200836,0.00925303413378259,0.0496788146268137,TRUE,mmu-miR-181a-5p
mmy-can-352,12323.3640129134,0.300982062330987,0.115686413053953,2.6017062365882,0.00927612721247558,0.0496788146268137,TRUE,mmy-can-352
mmy-can-505,416.873998937786,0.203166428392665,0.0784783332089698,2.58882190899339,0.00963048866720417,0.0509728716230956,FALSE,mmy-can-505
mlu-miR-140-3p,5226.07951489663,-0.187031599070133,0.0723440868396039,-2.58530596266708,0.00972926180357841,0.0509728716230956,FALSE,mlu-miR-140-3p
hsa-miR-16-5p,7037604.57966101,0.163558712718108,0.0635216930834384,2.57484813106708,0.0100284108861086,0.0515327965125494,FALSE,hsa-miR-16-5p
mmy-can-339,3518229.29680383,0.163514321937321,0.063522775819056,2.57410542642359,0.010049964465103,0.0515327965125494,FALSE,mmy-can-339
hsa-miR-1260a,822.64400991988,-0.288059058220621,0.113606671497233,-2.53558223671431,0.0112260566792196,0.0569574665198301,FALSE,hsa-miR-1260a
mlu-miR-128-3p,1640.10072605631,0.190290914809351,0.0754669683867931,2.52151264158442,0.0116851476716942,0.0586691789349645,FALSE,mlu-miR-128-3p
mmy-can-309,10.8674057425322,-0.602555976506649,0.23982647353077,-2.51246648310217,0.0119890493066464,0.0595744511938512,FALSE,mmy-can-309
pha-miR-11,392.65372846687,0.350817528550658,0.140294089297705,2.50058666267986,0.0123987793278018,0.06098175138776,FALSE,pha-miR-11
mmy-can-368,89.1589497686355,-0.552383063593427,0.223155144227734,-2.47533197365914,0.0133112380952699,0.0625187001388431,FALSE,mmy-can-368
mmy-can-77,2.9992638379102,0.819206581240472,0.330973782777725,2.47514040044264,0.0133183807293817,0.0625187001388431,FALSE,mmy-can-77
hsa-miR-362-5p,195.60823555888,-0.341807826899258,0.138209891722125,-2.47310682788517,0.0133944097491534,0.0625187001388431,FALSE,hsa-miR-362-5p
mmy-can-494,195.60823555888,-0.341807826899258,0.138209891722125,-2.47310682788517,0.0133944097491534,0.0625187001388431,FALSE,mmy-can-494
mmy-can-359,244.541606397481,-0.272003921361708,0.109986036804886,-2.47307684923896,0.0133955334216789,0.0625187001388431,FALSE,mmy-can-359
hsa-miR-155-5p,285.694035088012,0.344505701922298,0.139486246810193,2.46981842153289,0.013518164962825,0.0625187001388431,FALSE,hsa-miR-155-5p
mmy-can-374,285.644785727844,0.344060966057319,0.139456685510071,2.46715289983335,0.0136192189099139,0.0625187001388431,FALSE,mmy-can-374
hsa-miR-181c-5p,245.748775028709,-0.270840156451495,0.110465775488174,-2.45180152182511,0.0142143041587856,0.0646348547597609,FALSE,hsa-miR-181c-5p
hsa-miR-20a-5p,20145.2247536184,-0.352806743481338,0.144279546112645,-2.44529978771826,0.0144731781693059,0.0647343442989451,FALSE,hsa-miR-20a-5p
mmy-can-381,20139.3562770544,-0.352708534364563,0.144285816496263,-2.44451286293755,0.0145047908387678,0.0647343442989451,FALSE,mmy-can-381
hsa-miR-1260b,876.513793730105,-0.265006297317499,0.109696182823194,-2.41582059190363,0.015699794838489,0.0694247808454284,FALSE,hsa-miR-1260b
pha-miR-120,14.0864814604555,0.523755762290217,0.221144458151548,2.36838746341675,0.0178658146489744,0.0782847514618695,FALSE,pha-miR-120
mmy-can-507,6.36822697352999,-0.830120511720646,0.353348131468385,-2.34929928246959,0.0188087818786633,0.0814875491309952,FALSE,mmy-can-507
mlu-miR-1306-3p,990.266616214899,0.371581340301074,0.158609229692067,2.34274727279417,0.0191423446928378,0.0814875491309952,FALSE,mlu-miR-1306-3p
mmu-let-7j,1369.47501587744,0.204026910150196,0.0871283959828079,2.34168100822669,0.0191971146644739,0.0814875491309952,FALSE,mmu-let-7j
mmu-let-7i-5p,68493.825727796,0.200580411986081,0.085710496126134,2.34020827146889,0.0192729887986171,0.0814875491309952,FALSE,mmu-let-7i-5p
mmy-can-425,787.39317592914,0.355799421359205,0.152809946184028,2.32837868374561,0.0198920045223978,0.082707714527754,FALSE,mmy-can-425
hsa-miR-192-5p,208.457512863205,-0.490022350531656,0.210478196504273,-2.32813829969181,0.0199047611726545,0.082707714527754,FALSE,hsa-miR-192-5p
hsa-miR-4454,111.026338829448,-0.300295695495639,0.130298236786065,-2.30467965570932,0.0211845211095809,0.0872729844001537,FALSE,hsa-miR-4454
hsa-miR-22-5p,217.729715728374,-0.382199546890847,0.167830157575594,-2.27729957721512,0.0227683421773597,0.0922213523486335,FALSE,hsa-miR-22-5p
mlu-miR-22-5p,217.729715728374,-0.382199546890847,0.167830157575594,-2.27729957721512,0.0227683421773597,0.0922213523486335,FALSE,mlu-miR-22-5p
rno-miR-19b-1-5p,1.89284874114045,-1.1524622315726,0.511357299456309,-2.25373184815771,0.0242130425199068,NA,FALSE,rno-miR-19b-1-5p
mmy-can-338,3166135.01065644,0.246360646431799,0.109586734354384,2.24808821873561,0.0245705651663754,0.0980126295120615,FALSE,mmy-can-338
mlu-miR-3107-5p,3166866.38766879,0.246359218088058,0.10961228900969,2.24755107583128,0.0246048302302063,0.0980126295120615,FALSE,mlu-miR-3107-5p
hsa-miR-486-5p,6363236.9338689,0.24580186702228,0.109682412772316,2.24103263968607,0.0250239608419766,0.0984678808360074,FALSE,hsa-miR-486-5p
mmy-can-285,4.73429734365142,0.608941064136988,0.271917405523302,2.23943393018585,0.0251276957320102,0.0984678808360074,FALSE,mmy-can-285
mmy-can-337,3198098.81850973,0.245165435772814,0.109757024517744,2.23371066088967,0.0255021170827442,0.0991291970474413,FALSE,mmy-can-337
hsa-miR-19b-1-5p,1.9165132172954,-1.14005946300143,0.51155309134164,-2.22862393424584,0.0258389371923681,NA,FALSE,hsa-miR-19b-1-5p
mlu-miR-19b-1-5p,1.9165132172954,-1.14005946300143,0.51155309134164,-2.22862393424584,0.0258389371923681,NA,FALSE,mlu-miR-19b-1-5p
mmu-miR-744-5p,5657.26061603696,0.274486830441209,0.123440081829337,2.22364426832367,0.0261723876494382,0.0994040293151867,FALSE,mmu-miR-744-5p
mmy-can-402,5656.34938285276,0.274474565187237,0.123436360333812,2.22361194420322,0.0261745642436883,0.0994040293151867,FALSE,mmy-can-402
mmu-miR-5100,152.268139632952,0.269105126068141,0.121035323259727,2.22336024575797,0.0261915180975699,0.0994040293151867,FALSE,mmu-miR-5100
mlu-miR-486-3p,4549.03945927838,0.377352397220839,0.170866332271136,2.20846548413086,0.0272118413209961,0.102469589974376,FALSE,mlu-miR-486-3p
mlu-miR-3107-3p,2910.26835992891,0.366476880902587,0.166320612534409,2.2034363349087,0.0275640095984147,0.102991105631286,FALSE,mlu-miR-3107-3p
hsa-miR-29b-2-5p,161.107830914296,0.32710367192331,0.149076764569554,2.19419621070926,0.0282213068768702,0.103837174921003,FALSE,hsa-miR-29b-2-5p
mmu-miR-29b-2-5p,161.107830914296,0.32710367192331,0.149076764569554,2.19419621070926,0.0282213068768702,0.103837174921003,FALSE,mmu-miR-29b-2-5p
mmy-can-493,89.2122894589718,-0.244400380899403,0.114833608526266,-2.12830010339264,0.0333122095473098,0.121640037892449,FALSE,mmy-can-493
hsa-miR-29a-5p,0.988416576156546,-1.65301200769344,0.780661628079049,-2.11745005548814,0.0342216698232834,NA,FALSE,hsa-miR-29a-5p
mlu-miR-29A-5p,0.988416576156546,-1.65301200769344,0.780661628079049,-2.11745005548814,0.0342216698232834,NA,FALSE,mlu-miR-29A-5p
hsa-miR-139-5p,5.90757204753428,0.523987256042122,0.25007760824836,2.0952985743599,0.0361444591310387,0.126969815956523,FALSE,hsa-miR-139-5p
mlu-miR-139-5p,5.90757204753428,0.523987256042122,0.25007760824836,2.0952985743599,0.0361444591310387,0.126969815956523,FALSE,mlu-miR-139-5p
mmu-miR-139-5p,5.90757204753428,0.523987256042122,0.25007760824836,2.0952985743599,0.0361444591310387,0.126969815956523,FALSE,mmu-miR-139-5p
mmy-can-498,26614.6963253101,0.163646566077394,0.0781261056688318,2.09464640117957,0.0362024371517694,0.126969815956523,FALSE,mmy-can-498
mlu-miR-361-5p,26622.5612725785,0.163529149422956,0.0781226407908619,2.09323632390681,0.0363280636868291,0.126969815956523,FALSE,mlu-miR-361-5p
hsa-miR-361-5p,26623.0652248448,0.163502725296076,0.0781201744149786,2.09296416092904,0.0363523539460585,0.126969815956523,FALSE,hsa-miR-361-5p
mlu-miR-500-3p,89.4963563384407,-0.238284058813717,0.114561882825005,-2.07995934544564,0.0375292619507773,0.130137440721401,FALSE,mlu-miR-500-3p
mlu-miR-15b-3p,170.145936729681,-0.358337534797024,0.172784004560509,-2.0739045590967,0.0380881755578314,0.130322461430279,FALSE,mlu-miR-15b-3p
mmy-can-375,402.142485902013,-0.291391802215653,0.140529626802202,-2.07352576710242,0.0381233756466167,0.130322461430279,FALSE,mmy-can-375
hsa-miR-106a-5p,259.73071125106,-0.262297294849235,0.128371119462216,-2.04327340875482,0.041025380387075,0.139017846888888,FALSE,hsa-miR-106a-5p
mmy-can-440,5.88336138090475,0.513766141927115,0.251714139152554,2.04106985669065,0.0412438840354998,0.139017846888888,FALSE,mmy-can-440
mmu-miR-143-3p,13.7226010288369,-0.613134860846632,0.302107920715183,-2.0295226268651,0.0424050867329453,0.141550834084546,FALSE,mmu-miR-143-3p
mlu-miR-29A-3p,183.158944086814,-0.384232551539074,0.189484350514178,-2.02777986940048,0.0425827197972182,0.141550834084546,FALSE,mlu-miR-29A-3p
mlu-miR-328-3p,34.3701139041211,0.371800320356865,0.184962706964833,2.01013667272698,0.0444167256152893,0.146636039360065,FALSE,mlu-miR-328-3p
mmy-can-341,129713.66443763,0.221466881886492,0.11041952202075,2.00568593155903,0.0448897671363032,0.147189576596586,FALSE,mmy-can-341
hsa-miR-378i,2.37346581540139,0.827726549803184,0.415088081207841,1.99409857154807,0.0461412833271873,0.150270936241245,FALSE,hsa-miR-378i
mmy-can-496,106.276897028037,0.398503006825701,0.202724007621411,1.9657415591838,0.0493284715553461,0.159572639528032,FALSE,mmy-can-496
pha-miR-19,83.3793746146703,0.288389024065934,0.147840052053434,1.95068264695755,0.051094808890509,0.164184652568169,FALSE,pha-miR-19
mlu-miR-92A-3p,276742.006468434,0.216765202197708,0.111397744342902,1.94586706828162,0.0516707096695544,0.16493564278626,FALSE,mlu-miR-92A-3p
rno-miR-365-5p,52.6359211120683,0.517500360991906,0.266545224829985,1.94151053098772,0.0521963833240102,0.165517478698506,FALSE,rno-miR-365-5p
hsa-miR-451a,766843.281455953,-0.325452922525873,0.169396150513346,-1.92125335516542,0.0546997745795038,0.172322165668763,FALSE,hsa-miR-451a
mmu-miR-186-5p,7016.3652392615,-0.266556575200626,0.139677416439556,-1.90837274911922,0.0563430563813298,0.17564865408342,FALSE,mmu-miR-186-5p
mmy-can-344,7012.6697887923,-0.266287284394684,0.139616357396946,-1.90727855503061,0.0564845256907262,0.17564865408342,FALSE,mmy-can-344
mmu-miR-378d,2.48000450483137,0.75633469375677,0.40235266305393,1.87978050900932,0.0601379978925334,0.185020507067037,FALSE,mmu-miR-378d
hsa-miR-365b-5p,87.3302610458995,0.644175931510204,0.343370158528223,1.87603935726772,0.060649875760564,0.185020507067037,FALSE,hsa-miR-365b-5p
mmu-miR-365-2-5p,87.3302610458995,0.644175931510204,0.343370158528223,1.87603935726772,0.060649875760564,0.185020507067037,FALSE,mmu-miR-365-2-5p
mmu-miR-191-5p,439033.279377783,0.153545682174241,0.0824549333240218,1.8621770218509,0.0625781421984495,0.189111807755542,FALSE,mmu-miR-191-5p
mlu-miR-199A-5p,9.55726949153266,-0.788863224868142,0.42542595376079,-1.85429031279015,0.0636976372858991,0.189111807755542,FALSE,mlu-miR-199A-5p
mmu-miR-199a-5p,9.55726949153266,-0.788863224868142,0.42542595376079,-1.85429031279015,0.0636976372858991,0.189111807755542,FALSE,mmu-miR-199a-5p
mlu-miR-29b-3p,767.531129223845,-0.294108515004275,0.158682771013637,-1.85343697444633,0.0638197518479326,0.189111807755542,FALSE,mlu-miR-29b-3p
pha-miR-119,31.0035838478828,0.358546340855728,0.193546329005645,1.85250912635636,0.0639527482658783,0.189111807755542,FALSE,pha-miR-119
mlu-miR-7A-1-3p,64.756783986279,-0.266309515771837,0.144407858308934,-1.84414836484949,0.0651615210554671,0.191511299687409,FALSE,mlu-miR-7A-1-3p
rno-miR-342-5p,228.033125298054,0.369904529143034,0.20264465924788,1.8253850385988,0.0679429454475223,0.197710624913804,FALSE,rno-miR-342-5p
hsa-miR-342-5p,227.928910335887,0.369600787181443,0.202587281356291,1.8244027201857,0.0680912110698993,0.197710624913804,FALSE,hsa-miR-342-5p
hsa-miR-92a-1-5p,19.2878975607776,0.361985343819927,0.198709828333258,1.82167810649425,0.0685038418194431,0.197717675191447,FALSE,hsa-miR-92a-1-5p
pha-miR-147,1.49140440233525,0.948903104578718,0.521686421037848,1.81891470874584,0.0689244434531528,NA,FALSE,pha-miR-147
mlu-miR-133A-3p,1.59870395146402,-1.49018585776742,0.82933850263712,-1.79683669940434,0.072361548280047,NA,FALSE,mlu-miR-133A-3p
mmu-miR-195a-5p,1291.3471102601,-0.184959204981221,0.104943366378291,-1.76246685583247,0.0779904515397572,0.223758319298589,FALSE,mmu-miR-195a-5p
mmy-can-410,709.587519106137,-0.279112418414827,0.159276872877966,-1.75237254079364,0.0797097699072625,0.227337923640831,FALSE,mmy-can-410
hsa-miR-17-5p,14511.4333267314,-0.248056653381818,0.142006828093581,-1.74679384584487,0.0806731044931716,0.228384250271712,FALSE,hsa-miR-17-5p
mmy-can-373,14497.6921209261,-0.247742834485156,0.14199139425201,-1.7447735884997,0.0810242879594662,0.228384250271712,FALSE,mmy-can-373
mmu-miR-155-5p,0.553440227365851,1.42073499609113,0.818914178242951,1.73490096256415,0.0827583486483557,NA,FALSE,mmu-miR-155-5p
pha-miR-134,8.39882158853898,-0.34984194426231,0.202047153817756,-1.73148662404749,0.083365008532921,0.232861107982921,FALSE,pha-miR-134
hsa-miR-320d,95.6011958292121,0.316466240860841,0.182897983772291,1.73028829697129,0.0835787794212559,0.232861107982921,FALSE,hsa-miR-320d
mlu-miR-129-5p,9.1044520575759,0.691322552377347,0.401892890767688,1.72016616431507,0.0854022415533927,0.235222173878487,FALSE,mlu-miR-129-5p
mmu-miR-129-5p,9.1044520575759,0.691322552377347,0.401892890767688,1.72016616431507,0.0854022415533927,0.235222173878487,FALSE,mmu-miR-129-5p
hsa-miR-193a-5p,3519.53425799562,0.639037668863151,0.373071598571617,1.71290891965468,0.0867292970635838,0.236178085788968,FALSE,hsa-miR-193a-5p
mlu-miR-193A-5p,3519.53425799562,0.639037668863151,0.373071598571617,1.71290891965468,0.0867292970635838,0.236178085788968,FALSE,mlu-miR-193A-5p
rno-miR-378b,2.27520301708759,0.691936974090256,0.407777038394199,1.69685124207842,0.0897247881139974,0.242962628488465,FALSE,rno-miR-378b
mmu-miR-1839-5p,10.2619312751131,0.385318879448279,0.230326540949919,1.67292435278686,0.0943421889895503,0.252195898479569,FALSE,mmu-miR-1839-5p
mmy-can-439,10.2619312751131,0.385318879448279,0.230326540949919,1.67292435278686,0.0943421889895503,0.252195898479569,FALSE,mmy-can-439
mmy-can-433,75.9037868216189,0.206674805073524,0.123676782628284,1.67108814347713,0.0947042689311245,0.252195898479569,FALSE,mmy-can-433
mlu-miR-30e-3p,770.723209436877,-0.30036804974163,0.181745166177652,-1.65268796996795,0.0983943839912745,0.260582929031837,FALSE,mlu-miR-30e-3p
hsa-miR-10527-5p,0.942139431613246,1.16328156806857,0.709927892143214,1.63859115966936,0.101298434685899,NA,FALSE,hsa-miR-10527-5p
mlu-miR-145A-3p,1.1769724978901,-1.17675732228447,0.718569139786443,-1.63763966072102,0.101496884500256,NA,FALSE,mlu-miR-145A-3p
pha-miR-136,7.73996369034185,-0.421829643345978,0.257997623351792,-1.63501367906321,0.102046180091433,0.268777370514048,FALSE,pha-miR-136
mmy-can-534,33928.6668155421,-0.160944307951069,0.100130622275756,-1.60734353081153,0.107979030087854,0.280320471883051,FALSE,mmy-can-534
mlu-miR-200b-3p,0.703528465983237,-1.20961368523335,0.754016908372209,-1.6042262073999,0.108664199959494,NA,FALSE,mlu-miR-200b-3p
mmy-can-411,191.040950197392,0.173091133917796,0.107958424340463,1.60331289545249,0.108865590862435,0.280320471883051,FALSE,mmy-can-411
hsa-miR-15a-5p,34104.8015466542,-0.160249379782853,0.100064024324063,-1.60146846846652,0.109273198423863,0.280320471883051,FALSE,hsa-miR-15a-5p
rno-miR-15a-5p,34104.3935463486,-0.160244759415593,0.100065552857108,-1.60139783212331,0.109288832601134,0.280320471883051,FALSE,rno-miR-15a-5p
mlu-miR-15A-5p,34106.2382717729,-0.160154953550444,0.100022954346437,-1.60118199464231,0.10933661558924,0.280320471883051,FALSE,mlu-miR-15A-5p
mmy-can-356,172739.291805578,0.138528721451322,0.0877570753988227,1.57854760794798,0.114439860009362,0.290788432749196,FALSE,mmy-can-356
mmu-let-7g-5p,173439.523906095,0.138412056590042,0.0877282436978565,1.5777365504631,0.114626145689517,0.290788432749196,FALSE,mmu-let-7g-5p
pha-miR-124,11.3051205681021,0.342627274914589,0.219596931293963,1.56025529544369,0.118699563164059,0.29954549447684,FALSE,pha-miR-124
hsa-miR-30d-5p,3446.73263386839,-0.163021262377347,0.104970251316666,-1.55302345505069,0.120417531219847,0.30064445036937,FALSE,hsa-miR-30d-5p
mlu-miR-30d-5p,3446.73263386839,-0.163021262377347,0.104970251316666,-1.55302345505069,0.120417531219847,0.30064445036937,FALSE,mlu-miR-30d-5p
mmy-can-471,3.2875867806348,-0.631388416943075,0.407490616913411,-1.54945510580245,0.121272355658805,0.30064445036937,FALSE,mmy-can-471
mmy-can-514,3435.55100948911,-0.162563734460773,0.105017507503396,-1.54796793720815,0.121630016228272,0.30064445036937,FALSE,mmy-can-514
hsa-miR-424-5p,5.87971894043026,-0.573001781378523,0.372951555801837,-1.53639734830059,0.124440956724717,0.304469751986363,FALSE,hsa-miR-424-5p
mmy-can-406,5.87971894043026,-0.573001781378523,0.372951555801837,-1.53639734830059,0.124440956724717,0.304469751986363,FALSE,mmy-can-406
mmu-miR-146a-5p,107.253773332568,0.311062724400092,0.203336863473626,1.52979011816241,0.126068688393099,0.304652014626549,FALSE,mmu-miR-146a-5p
pha-miR-126,6.3713510610002,-0.450822048992177,0.294790337078959,-1.52929724040251,0.126190773441426,0.304652014626549,FALSE,pha-miR-126
mmu-miR-30b-5p,223.365234805583,-0.282210238274766,0.184643434278742,-1.52840657116859,0.126411624326369,0.304652014626549,FALSE,mmu-miR-30b-5p
mmy-can-379,222.682163774227,-0.282532132364573,0.185203175433428,-1.52552531404155,0.127128124574347,0.304854507685748,FALSE,mmy-can-379
pha-miR-121,17.7923813017428,0.351698531041277,0.231345494734118,1.52023073302326,0.128452995843022,0.306506653447212,FALSE,pha-miR-121
mmu-miR-126a-5p,56.6920844620027,-0.426759719505324,0.281937644230454,-1.51366704034916,0.130110308439641,0.308931865359149,FALSE,mmu-miR-126a-5p
hsa-let-7e-5p,522.712475160834,0.272631794513135,0.180936318081432,1.50678314560615,0.131866251113225,0.31156633841458,FALSE,hsa-let-7e-5p
pha-miR-171,0.866914572621196,0.987747073092001,0.661217140962522,1.4938316203572,0.135219634591269,NA,FALSE,pha-miR-171
hsa-let-7d-5p,524.26927986252,0.230954551359048,0.15624051080593,1.47819890096188,0.139354548001633,0.325091375164033,FALSE,hsa-let-7d-5p
mlu-leT-7d-5p,524.26927986252,0.230954551359048,0.15624051080593,1.47819890096188,0.139354548001633,0.325091375164033,FALSE,mlu-leT-7d-5p
mmy-can-380,524.129395707017,0.230917448613104,0.156317845820359,1.47723023818071,0.139613930827707,0.325091375164033,FALSE,mmy-can-380
mmy-can-378,10.7281654394585,-0.399124592400935,0.282833862017824,-1.41116268594381,0.158196649816079,0.366590313516107,FALSE,mmy-can-378
mmu-miR-29c-5p,10.9770646080132,-0.336522288638206,0.242696649617193,-1.38659635050177,0.165564881786579,0.381829057517374,FALSE,mmu-miR-29c-5p
mlu-miR-9-3p,62.6338046327806,-0.205402787362429,0.149373455853592,-1.37509563656178,0.169101796971897,0.387265153457581,FALSE,mlu-miR-9-3p
mmy-can-528,60.3609503893186,-0.220634137442602,0.160610821934179,-1.37371899841856,0.169528936472094,0.387265153457581,FALSE,mmy-can-528
pha-miR-165,2.13297008563631,0.627118670895399,0.460879423641995,1.36070008493704,0.17360848776057,0.394713637266955,FALSE,pha-miR-165
mmu-miR-9-5p,186.311241799704,-0.202994432764752,0.15323142238929,-1.32475721754404,0.185251688803133,0.418354501487738,FALSE,mmu-miR-9-5p
mmy-can-420,62.103747266568,-0.203743657047602,0.153977558672214,-1.32320358112269,0.185767685422905,0.418354501487738,FALSE,mmy-can-420
pha-miR-115,34.8069047346404,0.255018619411104,0.193097468911814,1.32067303030041,0.186610410414655,0.418354501487738,FALSE,pha-miR-115
pha-miR-174,0.757617516825508,1.09618565884991,0.830371772235614,1.32011430964067,0.186796855839707,NA,FALSE,pha-miR-174
mlu-leT-7A-1-3p,1.50035737577754,-0.693648740492553,0.527298522353057,-1.31547635938208,0.188349857401341,NA,FALSE,mlu-leT-7A-1-3p
mlu-leT-7G-3p,0.981098722075978,-0.914102352371841,0.695032726719886,-1.31519325238946,0.188444962322557,NA,FALSE,mlu-leT-7G-3p
pha-miR-143,4.4475825540439,0.405724074988165,0.30938065804985,1.31140736963198,0.189720170334157,0.42168772478202,FALSE,pha-miR-143
hsa-miR-99a-5p,10456.8602054533,-0.270746921218119,0.206922388617378,-1.30844672259588,0.190721834030042,0.42168772478202,FALSE,hsa-miR-99a-5p
mlu-miR-99A-5p,10456.8602054533,-0.270746921218119,0.206922388617378,-1.30844672259588,0.190721834030042,0.42168772478202,FALSE,mlu-miR-99A-5p
mmy-can-482,10329.7374744025,-0.26948100797479,0.206676769602052,-1.30387662093648,0.192275652693579,0.423182030129248,FALSE,mmy-can-482
pha-miR-193,0.432231036989264,-1.110226899891,0.864886075452251,-1.28366837136378,0.199258015654966,NA,FALSE,pha-miR-193
mmy-can-358,9337.84573815586,0.128713162729174,0.100402785790042,1.28196804218494,0.199853857097243,0.437861632367596,FALSE,mmy-can-358
mlu-miR-181d-3p,1.60336266749622,-0.75189996725061,0.590634447661019,-1.27303778204644,0.20300463516363,NA,FALSE,mlu-miR-181d-3p
mmy-can-452,4.6298573524467,0.447971002669254,0.352080578933801,1.27235363002934,0.203247501593164,0.442274596744607,FALSE,mmy-can-452
mlu-miR-221-3p,309.032801914684,0.151416161693543,0.119124824849621,1.27107143187564,0.203703237504778,0.442274596744607,FALSE,mlu-miR-221-3p
pha-miR-175,0.635023162851323,-0.947681779767015,0.753464335896977,-1.25776594142154,0.208476416421836,NA,FALSE,pha-miR-175
pha-miR-16,159.887332161136,0.298708515506097,0.237680367333901,1.25676562543536,0.208838516727792,0.450833607971513,FALSE,pha-miR-16
mmy-can-418,0.759392901158535,-1.12810328546023,0.898388780443725,-1.25569609729882,0.209226174733631,NA,FALSE,mmy-can-418
mmy-can-473,779.801050783649,-0.324597374749967,0.258728969961323,-1.25458457473274,0.209629605980377,0.450833607971513,FALSE,mmy-can-473
mmy-can-428,14.7535669268383,-0.457466586691944,0.365293750924186,-1.25232524655722,0.210451373015748,0.450833607971513,FALSE,mmy-can-428
mlu-miR-93-3p,44.4874125134551,-0.206069571194932,0.166556567295757,-1.23723473976869,0.215999947815031,0.456945228212541,FALSE,mlu-miR-93-3p
hsa-miR-202-5p,15.4843364162016,-0.396426275651193,0.320516716287157,-1.23683494653061,0.216148365212571,0.456945228212541,FALSE,hsa-miR-202-5p
mlu-miR-202-5p,15.4843364162016,-0.396426275651193,0.320516716287157,-1.23683494653061,0.216148365212571,0.456945228212541,FALSE,mlu-miR-202-5p
mlu-miR-181A-1-3p,19.1387303212151,-0.215875280378182,0.176759321423838,-1.22129502783364,0.221974335314138,0.467212356425391,FALSE,mlu-miR-181A-1-3p
mlu-miR-200A-3p,0.552041454451136,-1.07886535895766,0.883914272303933,-1.22055429215503,0.222254821366216,NA,FALSE,mlu-miR-200A-3p
mmy-can-55,4.04398509588901,0.447015800790601,0.367201647865819,1.21735782883509,0.223468100717845,0.468311411069571,FALSE,mmy-can-55
mmy-can-384,133.219469840607,-0.253524241863209,0.209295548325892,-1.21132171176641,0.225772130720669,0.471091632066503,FALSE,mmy-can-384
mmu-miR-331-5p,108.709861207898,0.173217976167848,0.144107188321592,1.20200788166994,0.229360474425649,0.476516158073977,FALSE,mmu-miR-331-5p
rno-miR-3084b-5p,1.03253985739663,-0.976536523863943,0.815708647657346,-1.19716338262256,0.231242879165529,NA,FALSE,rno-miR-3084b-5p
hsa-miR-574-5p,8.27534022105213,0.379618740357641,0.318249334464018,1.1928343573663,0.232934251504957,0.479804740279441,FALSE,hsa-miR-574-5p
mlu-miR-574-5p,8.27534022105213,0.379618740357641,0.318249334464018,1.1928343573663,0.232934251504957,0.479804740279441,FALSE,mlu-miR-574-5p
hsa-miR-9985,3.90451843665192,-0.415005445759194,0.349436846340999,-1.18764077144346,0.234974967600795,0.481948656951419,FALSE,hsa-miR-9985
mmy-can-453,0.656798251871322,-1.07811162997234,0.909452123739165,-1.18545177017097,0.235838873095111,NA,FALSE,mmy-can-453
mmy-can-372,20.5506254509703,-0.263564869330631,0.224060953067761,-1.17630879330823,0.239471503190199,0.488764505524413,FALSE,mmy-can-372
mmy-can-288,2.74802703781889,0.494652449573347,0.421277653790382,1.17417205760331,0.2403261157869,0.488764505524413,FALSE,mmy-can-288
hsa-miR-218-5p,1.96173719208899,0.757004543645518,0.647058741073687,1.16991626199098,0.24203466893574,NA,FALSE,hsa-miR-218-5p
mmy-can-387,7959.17394931636,-0.139841401946944,0.120570014541803,-1.15983565630624,0.246115723828529,0.495831014108288,FALSE,mmy-can-387
mmu-miR-185-5p,7968.06066788673,-0.139413205342884,0.12035160871374,-1.1583825661565,0.246707950479049,0.495831014108288,FALSE,mmu-miR-185-5p
pha-miR-125,16.7521905399014,0.247465420687086,0.214061558182068,1.15604792746863,0.24766155361157,0.495831014108288,FALSE,pha-miR-125
pha-miR-167,2.00973644750748,0.579499104775977,0.502020697649055,1.15433309321658,0.248363633949969,0.495831014108288,FALSE,pha-miR-167
mmy-can-438,5.80117822314106,0.344332195105142,0.298661579348991,1.15291761282352,0.248944202104161,0.495831014108288,FALSE,mmy-can-438
hsa-miR-223-5p,214.13347741723,0.148343467937727,0.129679169581309,1.14392672637154,0.25265402607915,0.501149138148767,FALSE,hsa-miR-223-5p
mmu-miR-223-5p,214.330996153216,0.147404033331534,0.129667084389433,1.1367883686567,0.255626766877702,0.503675378712203,FALSE,mmu-miR-223-5p
mlu-miR-652-3p,520.310996103964,0.107939043557498,0.0950289559921817,1.13585425021799,0.256017568017614,0.503675378712203,FALSE,mlu-miR-652-3p
hsa-miR-215-5p,4.42939671419469,-0.410637931846455,0.36788160938479,-1.11622304940213,0.264326670582558,0.516239146562619,FALSE,hsa-miR-215-5p
hsa-miR-4286,13.1144143481468,-0.2611424816055,0.234059215403575,-1.11571117229983,0.264545786723998,0.516239146562619,FALSE,hsa-miR-4286
hsa-miR-28-5p,1076.4505785792,-0.0868102950719887,0.0784375218611751,-1.10674448927176,0.268404414457078,0.521656966807708,FALSE,hsa-miR-28-5p
mlu-miR-28A-5p,1076.72240788812,-0.0866831882888292,0.078511643906226,-1.10408066849757,0.269558146221995,0.521795287064264,FALSE,mlu-miR-28A-5p
mmy-can-437,192.263976367601,-0.202764044518577,0.185917551200241,-1.09061271090104,0.27544333409652,0.529999796870487,FALSE,mmy-can-437
hsa-miR-20b-5p,192.340051197504,-0.202513340599866,0.185901433702144,-1.08935868092517,0.275995744843345,0.529999796870487,FALSE,hsa-miR-20b-5p
rno-miR-324-5p,4063.63319300445,0.11171930522896,0.103948113698253,1.07476029390265,0.282482061588914,0.537241081461629,FALSE,rno-miR-324-5p
hsa-miR-324-5p,4062.82458556897,0.111600374559765,0.103973098430135,1.07335816903404,0.283110445417539,0.537241081461629,FALSE,hsa-miR-324-5p
mlu-miR-324-5p,4062.82458556897,0.111600374559765,0.103973098430135,1.07335816903404,0.283110445417539,0.537241081461629,FALSE,mlu-miR-324-5p
mmu-miR-122-5p,21.4860652374799,0.362329165942216,0.339372128026701,1.06764561971839,0.285680397058607,0.537882622586909,FALSE,mmu-miR-122-5p
mmy-can-421,21.4860652374799,0.362329165942216,0.339372128026701,1.06764561971839,0.285680397058607,0.537882622586909,FALSE,mmy-can-421
mmu-miR-3084-5p,2.06507971479327,-0.905613727699545,0.854167919064453,-1.06022915106837,0.289040362170253,0.542091262902965,FALSE,mmu-miR-3084-5p
hsa-miR-29b-1-5p,1.74532772432813,0.639352393642012,0.603572380932869,1.05928040089217,0.289472098076767,NA,FALSE,hsa-miR-29b-1-5p
mlu-miR-29b-1-5p,1.74532772432813,0.639352393642012,0.603572380932869,1.05928040089217,0.289472098076767,NA,FALSE,mlu-miR-29b-1-5p
mmu-miR-29b-1-5p,1.74532772432813,0.639352393642012,0.603572380932869,1.05928040089217,0.289472098076767,NA,FALSE,mmu-miR-29b-1-5p
pha-miR-179,0.599657764813054,0.963520777488518,0.914935499310941,1.05310240799944,0.292294059360143,NA,FALSE,pha-miR-179
hsa-miR-532-5p,447.028958262198,-0.105568666496095,0.100293643114414,-1.05259578990128,0.292526287557515,0.546502599235358,FALSE,hsa-miR-532-5p
mmy-can-396,447.103692011988,-0.105224621130842,0.100294794506199,-1.04915336482731,0.294107538384644,0.547335264484163,FALSE,mmy-can-396
mlu-miR-378A-3p,42.6683390990594,0.213167359090323,0.204543204415826,1.04216299778391,0.297336115072193,0.548383620332299,FALSE,mlu-miR-378A-3p
mlu-miR-532-3p,102.537318927232,0.147482111196168,0.141604380283225,1.04150811508222,0.297639788879715,0.548383620332299,FALSE,mlu-miR-532-3p
mlu-miR-532-5p,448.771073809505,-0.104257182127699,0.10019421926324,-1.04055087104162,0.298084042587266,0.548383620332299,FALSE,mlu-miR-532-5p
hsa-miR-25-5p,149.282785262291,0.205422157384898,0.200554563714993,1.02427067018441,0.305707447228765,0.556041470053829,FALSE,hsa-miR-25-5p
mlu-miR-25-5p,149.282785262291,0.205422157384898,0.200554563714993,1.02427067018441,0.305707447228765,0.556041470053829,FALSE,mlu-miR-25-5p
mmu-miR-25-5p,149.282785262291,0.205422157384898,0.200554563714993,1.02427067018441,0.305707447228765,0.556041470053829,FALSE,mmu-miR-25-5p
pha-miR-139,3.29573299472146,-0.443776989383192,0.434885872307004,-1.02044471352684,0.307517597007335,0.556112374430462,FALSE,pha-miR-139
mlu-miR-363-3p,540.993727982074,-0.126433271776366,0.124037617219522,-1.01931393564748,0.308053950151314,0.556112374430462,FALSE,mlu-miR-363-3p
mmu-miR-202-5p,12.0411708731558,-0.345691344860673,0.342936357281702,-1.00803352435655,0.31343836846614,0.558530973641241,FALSE,mmu-miR-202-5p
rno-miR-202-5p,12.0411708731558,-0.345691344860673,0.342936357281702,-1.00803352435655,0.31343836846614,0.558530973641241,FALSE,rno-miR-202-5p
mmu-miR-3970,16.6101689018192,0.215923103306391,0.2143169097348,1.00749447896378,0.313697209548053,0.558530973641241,FALSE,mmu-miR-3970
mmy-can-390,5486.84906828138,-0.163928007916138,0.162820130082825,-1.00680430504968,0.314028825428997,0.558530973641241,FALSE,mmy-can-390
mmy-can-383,41.9304406339107,0.204533274830068,0.20569401199983,0.994356971510857,0.320049108466201,0.567145846620253,FALSE,mmy-can-383
pha-miR-146,2.50617156470824,0.50762273391195,0.512532591995972,0.990420398310863,0.321968679200698,0.568457521519181,FALSE,pha-miR-146
hsa-miR-100-5p,147.783326700975,-0.211998348344487,0.215778980569624,-0.982479145025356,0.325863852253993,0.572242602504609,FALSE,hsa-miR-100-5p
mlu-miR-100-5p,147.798474015396,-0.211670642321212,0.215723102911003,-0.981214526700631,0.326486962009891,0.572242602504609,FALSE,mlu-miR-100-5p
mmu-miR-150-5p,177.056557934539,0.238743693516427,0.245320466406154,0.973191095769241,0.330458335438393,0.577104774207628,FALSE,mmu-miR-150-5p
mmu-miR-194-5p,9832.63602081553,-0.156062783617625,0.162002957938814,-0.96333292677636,0.335380474398437,0.582470276012205,FALSE,mmu-miR-194-5p
pha-miR-150,2.49881917880921,0.404813588601489,0.4207153186844,0.962203111280483,0.335947586579654,0.582470276012205,FALSE,pha-miR-150
pha-miR-14,235.736832699439,0.154518350506477,0.161645821729945,0.955906863863291,0.339119290913414,0.585862000789482,FALSE,pha-miR-14
hsa-miR-874-5p,0.763274226028695,0.824233487163134,0.866398890991015,0.951332574099153,0.341435576188758,NA,FALSE,hsa-miR-874-5p
mlu-miR-874-5p,0.763274226028695,0.824233487163134,0.866398890991015,0.951332574099153,0.341435576188758,NA,FALSE,mlu-miR-874-5p
mmu-miR-874-5p,0.763274226028695,0.824233487163134,0.866398890991015,0.951332574099153,0.341435576188758,NA,FALSE,mmu-miR-874-5p
rno-miR-874-5p,0.763274226028695,0.824233487163134,0.866398890991015,0.951332574099153,0.341435576188758,NA,FALSE,rno-miR-874-5p
mmy-can-316,0.935976815329888,0.587287902848711,0.620193772052365,0.946942599738207,0.343668028952387,NA,FALSE,mmy-can-316
mmu-miR-3962,11.0016865016774,-0.238620245071798,0.25313776144556,-0.942649740240812,0.345860088914977,0.595373438775067,FALSE,mmu-miR-3962
hsa-miR-182-5p,1.39392232058343,-0.607571004567353,0.650483657300124,-0.934029622034037,0.350288613139414,NA,FALSE,hsa-miR-182-5p
mmy-can-478,1.39392232058343,-0.607571004567353,0.650483657300124,-0.934029622034037,0.350288613139414,NA,FALSE,mmy-can-478
pha-miR-148,2.76419699362988,0.400895600245143,0.430172061321903,0.931942439528047,0.351366273361856,0.60269944398724,FALSE,pha-miR-148
mmy-can-413,5.86089793630163,0.329220143512912,0.357356333003556,0.921265731450283,0.356911707790217,0.607884958144469,FALSE,mmy-can-413
pha-miR-130,5.86089793630163,0.329220143512912,0.357356333003556,0.921265731450283,0.356911707790217,0.607884958144469,FALSE,pha-miR-130
mlu-miR-218-5p,0.961507757853147,0.626669995926039,0.682532357227432,0.918154266666103,0.358538107737639,NA,FALSE,mlu-miR-218-5p
mmy-can-466,0.961507757853147,0.626669995926039,0.682532357227432,0.918154266666103,0.358538107737639,NA,FALSE,mmy-can-466
pha-miR-185,0.622751429836543,0.826891379504196,0.90810795060282,0.910565069885458,0.362524582061751,NA,FALSE,pha-miR-185
mmy-can-427,1.89547403687504,0.47059959029737,0.522013679087961,0.901508158022947,0.367318198241795,NA,FALSE,mmy-can-427
pha-miR-151,2.73009385054484,-0.401313090007102,0.448774051150776,-0.894243080628277,0.371191846856019,0.629980528819018,FALSE,pha-miR-151
hsa-miR-4510,3.56082584953734,0.33966949706638,0.382962037927272,0.886953440358719,0.375103968151379,0.634386360171805,FALSE,hsa-miR-4510
mlu-miR-130b-3p,474.951175075392,0.150096107292148,0.171434396070784,0.875530877888554,0.381285116831398,0.642585406687881,FALSE,mlu-miR-130b-3p
pha-miR-164,1.77090790368399,0.442212596182474,0.509873317962584,0.867298955649459,0.385778228760398,NA,FALSE,pha-miR-164
hsa-miR-432-5p,0.789449025583753,0.785309479410309,0.905971112550068,0.866815142924227,0.386043303701356,NA,FALSE,hsa-miR-432-5p
mmu-miR-183-5p,0.850147704749061,0.808422135220295,0.938659571257627,0.861251682691693,0.389099440731287,NA,FALSE,mmu-miR-183-5p
mmy-can-435,0.850147704749061,0.808422135220295,0.938659571257627,0.861251682691693,0.389099440731287,NA,FALSE,mmy-can-435
pha-miR-186,0.898514324371841,0.555151138279707,0.660047443947687,0.841077627631426,0.400304447550291,NA,FALSE,pha-miR-186
pha-miR-156,2.42246362019636,-0.351687496940464,0.419182426352241,-0.838984353425493,0.401478089869994,0.674259370443684,FALSE,pha-miR-156
pha-miR-190,0.608102624111026,-0.649321726629485,0.780001958505627,-0.832461661857226,0.40514840948921,NA,FALSE,pha-miR-190
mmu-let-7k,4.44592815844752,0.312697923916218,0.375766617777232,0.832159934179135,0.405318675655438,0.678345839117781,FALSE,mmu-let-7k
mmy-can-323,1.45625511539327,-0.477258525477916,0.576010209853926,-0.828559142378652,0.407353915688006,NA,FALSE,mmy-can-323
mmy-can-268,4.02523158460993,0.273721070316853,0.330433119362271,0.82837056662216,0.407460670150737,0.679571083088773,FALSE,mmy-can-268
hsa-miR-885-5p,0.476835281534317,-0.96603526836717,1.16915877918434,-0.82626524777167,0.408653642610363,NA,FALSE,hsa-miR-885-5p
mmy-can-461,0.476835281534317,-0.96603526836717,1.16915877918434,-0.82626524777167,0.408653642610363,NA,FALSE,mmy-can-461
pha-miR-197,0.533340657488868,-0.799600087922155,0.97309760738203,-0.821705943839854,0.411244275496855,NA,FALSE,pha-miR-197
mmu-miR-106a-5p,18.6509655619525,-0.251174472193886,0.307235688301144,-0.817530260181532,0.413625463651412,0.685924191346399,FALSE,mmu-miR-106a-5p
pha-miR-189,0.60584898141659,-0.715255447221041,0.875316745017073,-0.817138997160496,0.413848999259021,NA,FALSE,pha-miR-189
hsa-miR-34a-5p,94.2518519782409,0.195845676219107,0.240435852541428,0.814544395725514,0.415333149873673,0.685924191346399,FALSE,hsa-miR-34a-5p
hsa-miR-32-5p,45.9216841466276,-0.238837458420157,0.295778046511875,-0.807488795185373,0.419384927410056,0.685924191346399,FALSE,hsa-miR-32-5p
mlu-miR-32-5p,45.9216841466276,-0.238837458420157,0.295778046511875,-0.807488795185373,0.419384927410056,0.685924191346399,FALSE,mlu-miR-32-5p
hsa-miR-505-5p,726.000783405565,0.18348686150821,0.229402158022325,0.799848018388536,0.423798858097835,0.685924191346399,FALSE,hsa-miR-505-5p
rno-miR-505-5p,726.000783405565,0.18348686150821,0.229402158022325,0.799848018388536,0.423798858097835,0.685924191346399,FALSE,rno-miR-505-5p
mlu-miR-32-3p,6.84227025202415,-0.209234036071077,0.264149536468144,-0.792104498340889,0.428299747403234,0.685924191346399,FALSE,mlu-miR-32-3p
hsa-miR-582-5p,2.36167912530061,-0.347628188430509,0.439602674277256,-0.790778147567094,0.429073463964945,0.685924191346399,FALSE,hsa-miR-582-5p
mlu-miR-582-5p,2.36167912530061,-0.347628188430509,0.439602674277256,-0.790778147567094,0.429073463964945,0.685924191346399,FALSE,mlu-miR-582-5p
mmy-can-434,2.36167912530061,-0.347628188430509,0.439602674277256,-0.790778147567094,0.429073463964945,0.685924191346399,FALSE,mmy-can-434
mlu-miR-27b-3p,2265.72014473442,-0.081440531834004,0.103063800483799,-0.790195310591189,0.429413714265613,0.685924191346399,FALSE,mlu-miR-27b-3p
hsa-miR-130b-5p,8.85334754162771,0.184857598530449,0.234843645361044,0.787151801558232,0.431193008253027,0.685924191346399,FALSE,hsa-miR-130b-5p
mlu-miR-130b-5p,8.85334754162771,0.184857598530449,0.234843645361044,0.787151801558232,0.431193008253027,0.685924191346399,FALSE,mlu-miR-130b-5p
mmu-miR-130b-5p,8.85334754162771,0.184857598530449,0.234843645361044,0.787151801558232,0.431193008253027,0.685924191346399,FALSE,mmu-miR-130b-5p
mmy-can-495,10993.3444182758,0.128872008566911,0.164905200100032,0.7814914780658,0.434513486958697,0.68893256813846,FALSE,mmy-can-495
mlu-miR-99A-3p,6.29937721869933,-0.187490713835179,0.240697068094314,-0.778948889239122,0.436009823117739,0.689038474566394,FALSE,mlu-miR-99A-3p
mmy-can-491,43.2133183708167,-0.23596928667012,0.306674276451744,-0.769445971798845,0.441628606495599,0.69345081710456,FALSE,mmy-can-491
pha-miR-145,2.51222782823119,-0.393583746697566,0.51647894978871,-0.762051864569853,0.44602905014309,0.69345081710456,FALSE,pha-miR-145
mmy-can-342,164703.335901507,0.0531405435307868,0.0699735037016722,0.759438083268608,0.447590539398947,0.69345081710456,FALSE,mmy-can-342
hsa-let-7f-5p,329352.167060103,0.052712081779428,0.0700087871731743,0.752935222960497,0.451488840695447,0.69345081710456,FALSE,hsa-let-7f-5p
mlu-leT-7f-5p,329352.167060103,0.052712081779428,0.0700087871731743,0.752935222960497,0.451488840695447,0.69345081710456,FALSE,mlu-leT-7f-5p
rno-miR-146b-5p,2842.85672189731,-0.0707343757898213,0.0945884787021534,-0.74781175001825,0.454573713736793,0.69345081710456,FALSE,rno-miR-146b-5p
mlu-miR-146b-5p,2842.62097723901,-0.0706967403606579,0.0945803081350365,-0.7474784313424,0.454774817512405,0.69345081710456,FALSE,mlu-miR-146b-5p
mmu-miR-146b-5p,2842.62097723901,-0.0706967403606579,0.0945803081350365,-0.7474784313424,0.454774817512405,0.69345081710456,FALSE,mmu-miR-146b-5p
hsa-miR-146b-5p,2842.6017729148,-0.070677665198097,0.09458092893877,-0.747271844240951,0.454899484485975,0.69345081710456,FALSE,hsa-miR-146b-5p
mmy-can-363,2842.02779664977,-0.0706796986880975,0.0945992468798451,-0.747148640388978,0.454973842197784,0.69345081710456,FALSE,mmy-can-363
pha-miR-187,0.51412480534138,-0.732722270063487,0.98157262916341,-0.74647789505702,0.455378779862301,NA,FALSE,pha-miR-187
mlu-miR-187-3p,12.6812889679446,-0.157821793695691,0.211516967956057,-0.746142473678421,0.455581354173395,0.69345081710456,FALSE,mlu-miR-187-3p
pha-miR-137,8.52443924997361,-0.186471778130324,0.250183508612092,-0.745340007280207,0.456066201290758,0.69345081710456,FALSE,pha-miR-137
mmy-can-445,1.18868382018541,0.46671513614339,0.626203022225081,0.745309619370753,0.456084567250233,NA,FALSE,mmy-can-445
pha-miR-1110,0.60483087847432,0.796981251478983,1.07410056153293,0.741998729003133,0.45808810566404,NA,FALSE,pha-miR-1110
mmy-can-376,744.437474641389,0.135967413526278,0.183325173669302,0.741673447267793,0.45828521132585,0.69463355930522,FALSE,mmy-can-376
mlu-miR-18b-3p,0.491803322076023,0.611269826248859,0.824367011535864,0.741502046655182,0.458389091289192,NA,FALSE,mlu-miR-18b-3p
pha-miR-112,69.8546223314495,0.20077923753297,0.273863845026866,0.733135246506431,0.463475944625339,0.700299076205058,FALSE,pha-miR-112
pha-miR-129,17.0068401045687,-0.636861490517913,0.886188569665019,-0.71865234140703,0.472355154792842,0.711484951906718,FALSE,pha-miR-129
mmy-can-364,2153.48594400164,-0.07688668168778,0.109185719293278,-0.704182581618195,0.481319076989243,0.722728333672322,FALSE,mmy-can-364
pha-miR-1102,0.617962356178589,0.582146201454997,0.838575434341488,0.694208508399893,0.487551457545842,NA,FALSE,pha-miR-1102
mmy-can-365,99904.6261364579,0.073713773708507,0.106204208931831,0.694075822887785,0.487634659740993,0.726382876028711,FALSE,mmy-can-365
mmu-miR-15b-5p,99963.6029294614,0.0736968367412642,0.106219461842317,0.693816702354107,0.487797166772662,0.726382876028711,FALSE,mmu-miR-15b-5p
hsa-miR-98-5p,8003.56811624353,0.0603631983204007,0.0872625641269543,0.691742202676752,0.489099238815178,0.726382876028711,FALSE,hsa-miR-98-5p
mmy-can-367,8001.48321671828,0.060271141364174,0.0872663607371025,0.690657211496949,0.489780984874131,0.726382876028711,FALSE,mmy-can-367
hsa-miR-378d,0.994637603466313,0.633821126266804,0.919131359660438,0.689587097214223,0.490453883747861,NA,FALSE,hsa-miR-378d
mlu-miR-149-5p,1.742530821334,0.374087642439685,0.54471349689414,0.686760369575321,0.492233747218895,NA,FALSE,mlu-miR-149-5p
mmu-miR-149-5p,1.742530821334,0.374087642439685,0.54471349689414,0.686760369575321,0.492233747218895,NA,FALSE,mmu-miR-149-5p
hsa-miR-30a-5p,6.15969341345652,-0.20743231899524,0.306330097293197,-0.677152917157535,0.498308937125783,0.732271060044595,FALSE,hsa-miR-30a-5p
mlu-miR-30A-5p,6.15969341345652,-0.20743231899524,0.306330097293197,-0.677152917157535,0.498308937125783,0.732271060044595,FALSE,mlu-miR-30A-5p
mmy-can-483,6.15969341345652,-0.20743231899524,0.306330097293197,-0.677152917157535,0.498308937125783,0.732271060044595,FALSE,mmy-can-483
mmy-can-475,48.8469548907502,-0.105278236288978,0.157179034862533,-0.669798210563217,0.502986434461144,0.736898058997786,FALSE,mmy-can-475
pha-miR-159,0.775095672574854,-0.490261973401971,0.733246142641943,-0.668618550975963,0.503738835800363,NA,FALSE,pha-miR-159
hsa-miR-24-1-5p,4.42163893408797,0.214208322853279,0.333780753532412,0.641763554627716,0.521026716645846,0.754158791060954,FALSE,hsa-miR-24-1-5p
mlu-miR-24-1-5p,4.42163893408797,0.214208322853279,0.333780753532412,0.641763554627716,0.521026716645846,0.754158791060954,FALSE,mlu-miR-24-1-5p
mmu-miR-24-1-5p,4.42163893408797,0.214208322853279,0.333780753532412,0.641763554627716,0.521026716645846,0.754158791060954,FALSE,mmu-miR-24-1-5p
rno-miR-24-1-5p,4.42163893408797,0.214208322853279,0.333780753532412,0.641763554627716,0.521026716645846,0.754158791060954,FALSE,rno-miR-24-1-5p
hsa-miR-382-5p,0.238699023824586,-1.47244417071697,2.29959737332053,-0.6403052063809,0.521974196612272,NA,FALSE,hsa-miR-382-5p
mlu-miR-382-5p,0.238699023824586,-1.47244417071697,2.29959737332053,-0.6403052063809,0.521974196612272,NA,FALSE,mlu-miR-382-5p
rno-miR-450a-5p,0.688691636951924,0.535656272118429,0.840971776754659,0.636949166338907,0.524157955708514,NA,FALSE,rno-miR-450a-5p
hsa-miR-499a-5p,0.738165826690174,-0.462560685633215,0.727170424502104,-0.636110422051242,0.524704453036454,NA,FALSE,hsa-miR-499a-5p
mlu-miR-499-5p,0.738165826690174,-0.462560685633215,0.727170424502104,-0.636110422051242,0.524704453036454,NA,FALSE,mlu-miR-499-5p
mmy-can-477,0.738165826690174,-0.462560685633215,0.727170424502104,-0.636110422051242,0.524704453036454,NA,FALSE,mmy-can-477
mmu-miR-24-2-5p,1.34992127802979,-0.391106040683615,0.618741055651505,-0.632099708127173,0.527321725919187,NA,FALSE,mmu-miR-24-2-5p
hsa-miR-196b-5p,49.1963916602198,0.109583037956721,0.173758124412734,0.630664254273515,0.528260076230167,0.757801656973037,FALSE,hsa-miR-196b-5p
mlu-miR-196b-5p,49.1963916602198,0.109583037956721,0.173758124412734,0.630664254273515,0.528260076230167,0.757801656973037,FALSE,mlu-miR-196b-5p
mmy-can-399,49.1963916602198,0.109583037956721,0.173758124412734,0.630664254273515,0.528260076230167,0.757801656973037,FALSE,mmy-can-399
mmy-can-143,0.793837145177044,0.499787397585885,0.806246769456857,0.61989382968018,0.53532768837125,NA,FALSE,mmy-can-143
mlu-miR-132-3p,46.528263526267,0.178517726312848,0.291968372794224,0.611428301649182,0.540916070992682,0.773654439817426,FALSE,mlu-miR-132-3p
mmu-miR-28b,0.645630493837212,0.533872874805842,0.875549139941907,0.609757751393901,0.542022292010867,NA,FALSE,mmu-miR-28b
mmu-miR-99b-5p,19.0063228535848,0.19631815787818,0.33006428943908,0.594787634287273,0.551985434369015,0.785725396406404,FALSE,mmu-miR-99b-5p
pha-miR-17,118.629973818656,0.102931713643245,0.17333103277143,0.593844691267608,0.552615994567989,0.785725396406404,FALSE,pha-miR-17
mmy-can-401,36.6689124741634,-0.0944984068438827,0.16170904631285,-0.584373039100493,0.558969361731578,0.792421271631237,FALSE,mmy-can-401
mmy-can-350,30634.1669251897,0.0389491202915417,0.0672529317080366,0.579143827671789,0.562492129380108,0.793643649825977,FALSE,mmy-can-350
hsa-miR-26a-5p,61284.2072665151,0.0388886125273228,0.0672573140634225,0.578206445928713,0.563124747386896,0.793643649825977,FALSE,hsa-miR-26a-5p
hsa-miR-628-5p,16.7230856832362,-0.117245947340877,0.205702343510721,-0.569978665968705,0.568692167958048,0.797407119997152,FALSE,hsa-miR-628-5p
pha-miR-1101,0.746808110835223,-0.542688479924758,0.95437542885301,-0.568632074462534,0.569605853222458,NA,FALSE,pha-miR-1101
pha-miR-138,5.78477735209694,0.18266027452283,0.324345921768567,0.563165010760224,0.573322526145395,0.797407119997152,FALSE,pha-miR-138
mmy-can-467,37.2724212718087,0.104173950740097,0.185028907785155,0.563014460751493,0.573425037024891,0.797407119997152,FALSE,mmy-can-467
pha-miR-170,1.16360295096843,-0.349586580316306,0.623362545528486,-0.560807804100465,0.574928565993361,NA,FALSE,pha-miR-170
pha-miR-135,3.90681063648161,-0.190079480033617,0.340502333013597,-0.558232533537521,0.576685607881184,0.797407119997152,FALSE,pha-miR-135
mmu-miR-124b-3p,0.981916930656051,-0.369321332816796,0.662083760098646,-0.557816631481444,0.576969604608757,NA,FALSE,mmu-miR-124b-3p
pha-miR-132,11.8702197246775,-0.109521865075237,0.196782424339571,-0.556563247164004,0.577825870470164,0.797407119997152,FALSE,pha-miR-132
mlu-miR-330-5p,114.208904295457,0.056495090655548,0.101829275669613,0.554802047682704,0.579030066387973,0.797407119997152,FALSE,mlu-miR-330-5p
mmy-can-398,114.208904295457,0.056495090655548,0.101829275669613,0.554802047682704,0.579030066387973,0.797407119997152,FALSE,mmy-can-398
rno-miR-330-5p,114.208904295457,0.056495090655548,0.101829275669613,0.554802047682704,0.579030066387973,0.797407119997152,FALSE,rno-miR-330-5p
hsa-miR-132-5p,0.508910535649904,0.564608113192924,1.02614794519997,0.550220965538159,0.582167825240061,NA,FALSE,hsa-miR-132-5p
mlu-miR-132-5p,0.508910535649904,0.564608113192924,1.02614794519997,0.550220965538159,0.582167825240061,NA,FALSE,mlu-miR-132-5p
mmu-miR-132-5p,0.508910535649904,0.564608113192924,1.02614794519997,0.550220965538159,0.582167825240061,NA,FALSE,mmu-miR-132-5p
hsa-miR-7977,4.56850697119583,0.179959273244329,0.330955543602082,0.543756636573216,0.586608952646989,0.803333665845831,FALSE,hsa-miR-7977
pha-miR-1100,0.598731909702465,0.631108003612638,1.16536744228185,0.541552801901601,0.58812661360775,NA,FALSE,pha-miR-1100
mlu-miR-30C-1-3p,11.0310356052689,0.150062563417065,0.278692997210774,0.538451144876,0.590265625074397,0.803333665845831,FALSE,mlu-miR-30C-1-3p
mlu-miR-106b-3p,3030.92061514975,-0.0493526585822831,0.0919252553418541,-0.536878123413953,0.591351803183388,0.803333665845831,FALSE,mlu-miR-106b-3p
rno-miR-497-5p,126.047713332796,-0.0757735834579072,0.141176606772764,-0.536729031742995,0.591454799267001,0.803333665845831,FALSE,rno-miR-497-5p
rno-miR-103-2-5p,2.84571682434628,-0.226319480930931,0.422588475013294,-0.535555260762403,0.592265956013608,0.803333665845831,FALSE,rno-miR-103-2-5p
pha-miR-168,1.50586941838945,0.30526466660804,0.571575478963064,0.53407586196987,0.593289049148619,NA,FALSE,pha-miR-168
hsa-miR-497-5p,126.069883440433,-0.0752405613238654,0.140896893748718,-0.53401149820984,0.593333578923477,0.803333665845831,FALSE,hsa-miR-497-5p
hsa-miR-1271-5p,34.7445916955264,-0.141417333034127,0.266541107005914,-0.530564814645979,0.595720383406099,0.804305951825602,FALSE,hsa-miR-1271-5p
hsa-miR-378c,4.05764347874667,0.208720922480562,0.396606537948227,0.526266973712392,0.598702726313451,0.806074620343809,FALSE,hsa-miR-378c
hsa-miR-7-5p,962.100818962022,-0.088325314337875,0.169302716657439,-0.521700514213185,0.601878866599509,0.806877037930705,FALSE,hsa-miR-7-5p
mmy-can-442,3.57343652569156,-0.186297438468759,0.357852682754703,-0.520598132825681,0.602646750321689,0.806877037930705,FALSE,mmy-can-442
mlu-miR-7A-5p,641.77631200251,-0.0872448607408711,0.169342567329817,-0.515197461078702,0.606415043033873,0.807415271775687,FALSE,mlu-miR-7A-5p
rno-miR-7a-5p,641.77631200251,-0.0872448607408711,0.169342567329817,-0.515197461078702,0.606415043033873,0.807415271775687,FALSE,rno-miR-7a-5p
mmu-miR-125b-5p,4095.81982641437,-0.135718637943972,0.266350224776819,-0.509549552877959,0.610367073972631,0.807415271775687,FALSE,mmu-miR-125b-5p
mmy-can-371,86540.6463657716,0.0482237426400339,0.0946942243570986,0.509257486055102,0.610571753462866,0.807415271775687,FALSE,mmy-can-371
mmy-can-417,2047.12252307114,-0.13504321216222,0.266368720435642,-0.50697849184904,0.612169909918035,0.807415271775687,FALSE,mmy-can-417
mmu-miR-138-5p,102.573548556593,-0.0820234997129152,0.162212696977371,-0.505654003917818,0.613099563215563,0.807415271775687,FALSE,mmu-miR-138-5p
hsa-miR-500a-5p,151.031197615235,-0.0443863664231355,0.0882186683133445,-0.503140290731654,0.614865641141628,0.807534711254128,FALSE,hsa-miR-500a-5p
rno-miR-339-5p,38.2528488281284,-0.0781139109423534,0.156849443980826,-0.498018411540575,0.618471065169645,0.808769864611119,FALSE,rno-miR-339-5p
mmy-can-509,0.970766626328707,-0.333964113030642,0.670652709443695,-0.497968782244486,0.618506045682901,NA,FALSE,mmy-can-509
mmy-can-377,320.994330375224,-0.0843328379174196,0.169670678478248,-0.497038372651002,0.61916199178735,0.808769864611119,FALSE,mmy-can-377
mmy-can-465,26.9448416712859,-0.0979116174008328,0.197937791832991,-0.494658531320008,0.620841178276578,0.808771480890028,FALSE,mmy-can-465
mlu-miR-92b-3p,30.1622593774467,0.14837295538134,0.307364344835189,0.482726633308423,0.629289849954362,0.813269396638427,FALSE,mlu-miR-92b-3p
hsa-miR-484,4553.19878451283,-0.0938208843257945,0.195818516578336,-0.479121617123792,0.631852112011003,0.813269396638427,FALSE,hsa-miR-484
mlu-miR-330-3p,162.520956771924,0.0601772631831073,0.126368757408951,0.476203647301549,0.633929301320822,0.813269396638427,FALSE,mlu-miR-330-3p
hsa-miR-128-1-5p,12.2648597852748,-0.114820983453161,0.241464929695829,-0.475518260965682,0.634417620614208,0.813269396638427,FALSE,hsa-miR-128-1-5p
mlu-miR-128-1-5p,12.2648597852748,-0.114820983453161,0.241464929695829,-0.475518260965682,0.634417620614208,0.813269396638427,FALSE,mlu-miR-128-1-5p
mmu-miR-128-1-5p,12.2648597852748,-0.114820983453161,0.241464929695829,-0.475518260965682,0.634417620614208,0.813269396638427,FALSE,mmu-miR-128-1-5p
rno-miR-532-5p,4.41628395211085,-0.142560498161283,0.303353016412863,-0.46994916960792,0.638391333805581,0.815942183770864,FALSE,rno-miR-532-5p
mmu-miR-378c,4.22584969184455,0.170472984496561,0.364371388015676,0.467855024031763,0.639888268600387,0.815942183770864,FALSE,mmu-miR-378c
hsa-miR-371b-5p,1.25490418299467,-0.30957986015137,0.662091141761139,-0.467578918708833,0.640085743494918,NA,FALSE,hsa-miR-371b-5p
mmy-can-476,24.8963821167845,-0.135203235996108,0.292738355354462,-0.461856922822419,0.644183927215333,0.818343493495131,FALSE,mmy-can-476
mmy-can-408,245.784471686084,0.0715921977589934,0.155932758891572,0.459122241329515,0.646146385761233,0.818343493495131,FALSE,mmy-can-408
pha-miR-116,26.6141028106461,0.123606955611994,0.271761973656796,0.45483536180119,0.649227688006684,0.818343493495131,FALSE,pha-miR-116
mmy-can-459,24.4544125665686,0.159507729702618,0.351212010515109,0.454163653084285,0.649711041627938,0.818343493495131,FALSE,mmy-can-459
hsa-miR-450a-5p,8.43508950270214,0.198712209819844,0.438270979486838,0.453400337052916,0.650260493793849,0.818343493495131,FALSE,hsa-miR-450a-5p
pha-miR-133,7.44302525403424,0.129867645880659,0.291989339217427,0.444768450206856,0.656487096623139,0.822964851807989,FALSE,pha-miR-133
rno-miR-338-5p,19.0510655647054,-0.136434106690317,0.307576100730528,-0.443578374152836,0.657347443871527,0.822964851807989,FALSE,rno-miR-338-5p
hsa-miR-4443,0.985520183817723,0.343458386559049,0.777466886694518,0.441765935549099,0.658658591036331,NA,FALSE,hsa-miR-4443
mlu-miR-188-5p,2.02092487466059,0.193703413326345,0.447583656112474,0.432775885984695,0.665177593453685,0.82846408280278,FALSE,mlu-miR-188-5p
mmu-miR-188-5p,2.02092487466059,0.193703413326345,0.447583656112474,0.432775885984695,0.665177593453685,0.82846408280278,FALSE,mmu-miR-188-5p
mmy-can-532,0.160652753523532,1.08216234325999,2.51466188426172,0.430341092785803,0.666947539220345,NA,FALSE,mmy-can-532
pha-miR-12,174.084721150945,0.0602367262120331,0.140028241015197,0.430175554411882,0.667067942957085,0.828677186869369,FALSE,pha-miR-12
rno-miR-450b-5p,8.3945517351071,0.18904884005337,0.444676357675408,0.425138051057273,0.670736040716921,0.831091957906313,FALSE,rno-miR-450b-5p
mmu-miR-411-5p,0.299744508745343,-0.605523777412449,1.43894617304546,-0.420810582602187,0.673893403411934,NA,FALSE,mmu-miR-411-5p
pha-miR-178,0.299744508745343,-0.605523777412449,1.43894617304546,-0.420810582602187,0.673893403411934,NA,FALSE,pha-miR-178
mlu-miR-365-3p,125.681346831168,-0.105268136442195,0.258842172966059,-0.406688505338727,0.684236783952877,0.845209130387501,FALSE,mlu-miR-365-3p
hsa-miR-4523,4.49061477601812,-0.1416105314435,0.353002357213151,-0.401160299782339,0.68830210773328,0.845209130387501,FALSE,hsa-miR-4523
mmu-miR-205-5p,2.72516856159636,0.17668534778124,0.443271991799052,0.398593529593758,0.69019272999876,0.845209130387501,FALSE,mmu-miR-205-5p
rno-miR-205,2.72516856159636,0.17668534778124,0.443271991799052,0.398593529593758,0.69019272999876,0.845209130387501,FALSE,rno-miR-205
mmu-miR-10b-5p,157.716207612008,0.110460343242349,0.277791257480038,0.397637939524742,0.690897089984803,0.845209130387501,FALSE,mmu-miR-10b-5p
pha-miR-13,247.012781567681,0.0582334866232227,0.147966466738961,0.393558675196028,0.69390689624916,0.845557493961065,FALSE,pha-miR-13
pha-miR-154,1.83308600501531,-0.195185148057081,0.502805107167139,-0.38819245324849,0.697873617572877,NA,FALSE,pha-miR-154
hsa-miR-92a-2-5p,0.687541367764681,0.345909634478949,0.89133570618324,0.388080082598909,0.697956770927105,NA,FALSE,hsa-miR-92a-2-5p
pha-miR-18,68.1092786029315,0.0630966143328723,0.162672969033932,0.387873994724416,0.698109283678404,0.845557493961065,FALSE,pha-miR-18
mmy-can-370,157.551106181846,0.107569627876643,0.277418005974357,0.387752869532868,0.698198926548763,0.845557493961065,FALSE,mmy-can-370
rno-miR-10b-5p,157.551106181846,0.107569627876643,0.277418005974357,0.387752869532868,0.698198926548763,0.845557493961065,FALSE,rno-miR-10b-5p
mlu-miR-423-3p,420.151626415259,0.0698049999896655,0.181306337267241,0.385011362767616,0.700228996994296,0.845890668048247,FALSE,mlu-miR-423-3p
hsa-miR-96-5p,1.10067620891292,-0.34696999193342,0.904419836314405,-0.383638193239276,0.701246628022812,NA,FALSE,hsa-miR-96-5p
mlu-miR-96-5p,1.10067620891292,-0.34696999193342,0.904419836314405,-0.383638193239276,0.701246628022812,NA,FALSE,mlu-miR-96-5p
mmy-can-488,0.736326405750319,0.351768003406549,0.917242113647154,0.383506162847062,0.701344501635411,NA,FALSE,mmy-can-488
mmy-can-443,1.160376535049,-0.221823675680456,0.582942150816953,-0.380524337397092,0.70355623422455,NA,FALSE,mmy-can-443
mlu-miR-27b-5p,3.52013550825549,0.148830659806958,0.394420987571498,0.377339605387959,0.705921242946546,0.846403082338893,FALSE,mlu-miR-27b-5p
mmu-miR-27b-5p,3.52013550825549,0.148830659806958,0.394420987571498,0.377339605387959,0.705921242946546,0.846403082338893,FALSE,mmu-miR-27b-5p
rno-miR-27b-5p,3.52013550825549,0.148830659806958,0.394420987571498,0.377339605387959,0.705921242946546,0.846403082338893,FALSE,rno-miR-27b-5p
pha-miR-155,0.893991034734816,-0.257706105588239,0.688863882659265,-0.37410308781671,0.70832762148316,NA,FALSE,pha-miR-155
pha-miR-122,12.4352988925096,-0.090436129549768,0.244199590581812,-0.370336941738115,0.711131451895766,0.850534391597417,FALSE,pha-miR-122
hsa-miR-500b-5p,141.654730524933,-0.0327107298620903,0.0899212437088522,-0.363770878970506,0.716029110156781,0.854272354196951,FALSE,hsa-miR-500b-5p
mmy-can-348,46127.6882947028,0.0341913249039243,0.0957282852407637,0.357170556413192,0.720964126670097,0.854437709381732,FALSE,mmy-can-348
hsa-miR-93-5p,46138.173164063,0.0341209268176013,0.095717914200288,0.356473781346759,0.72148578364806,0.854437709381732,FALSE,hsa-miR-93-5p
mlu-miR-93-5p,46138.173164063,0.0341209268176013,0.095717914200288,0.356473781346759,0.72148578364806,0.854437709381732,FALSE,mlu-miR-93-5p
mmu-miR-126b-3p,0.632108658042334,-0.275436320921381,0.794038691875497,-0.34688022603887,0.728681302713604,NA,FALSE,mmu-miR-126b-3p
mmu-miR-182-5p,0.570682377920326,-0.379820948524438,1.10292158576383,-0.34437711023798,0.730562700691135,NA,FALSE,mmu-miR-182-5p
mlu-miR-450A-5p,4.19727586755355,0.149943788004654,0.438789172951159,0.341721713405505,0.732560329832918,0.862483056446683,FALSE,mlu-miR-450A-5p
mmy-can-526,4.19727586755355,0.149943788004654,0.438789172951159,0.341721713405505,0.732560329832918,0.862483056446683,FALSE,mmy-can-526
pha-miR-166,1.90580013722362,0.185458735104628,0.543386305689522,0.341301820017885,0.732876377907737,NA,FALSE,pha-miR-166
mlu-miR-10A-3p,2.5667189518697,-0.142193903158198,0.41787606249723,-0.340277694559593,0.733647413160042,0.862483056446683,FALSE,mlu-miR-10A-3p
mmy-can-416,2.24766175184466,0.146615176216248,0.437728522624768,0.33494544823603,0.737666237509934,0.865097631337684,FALSE,mmy-can-416
mmy-can-479,2.75424977317029,0.146737832488098,0.445177753639576,0.329616274147651,0.741689924243313,0.867705202634167,FALSE,mmy-can-479
pha-miR-172,0.947882847191901,0.29191689883441,0.88719255129362,0.329034433854032,0.74212966134003,NA,FALSE,pha-miR-172
pha-miR-162,1.56572521505942,0.160007713720946,0.487276965800808,0.328371183025209,0.742631028709879,NA,FALSE,pha-miR-162
mmy-can-361,7.69719260863823,-0.119202753753679,0.366211376939283,-0.325502595659235,0.744800718444627,0.869234736780412,FALSE,mmy-can-361
mmy-can-451,1.40732815821465,-0.210887228309211,0.65628749223283,-0.321333608830069,0.747957589624533,NA,FALSE,mmy-can-451
rno-miR-335,1.40732815821465,-0.210887228309211,0.65628749223283,-0.321333608830069,0.747957589624533,NA,FALSE,rno-miR-335
mlu-miR-107-3p,13317.1875529485,-0.0304381669215717,0.0964433616105618,-0.315606656728547,0.75230108441961,0.875648678051342,FALSE,mlu-miR-107-3p
hsa-miR-379-5p,0.271612053068217,-0.415956442962405,1.33951939925514,-0.31052662857567,0.756160512935259,NA,FALSE,hsa-miR-379-5p
mlu-miR-379-5p,0.271612053068217,-0.415956442962405,1.33951939925514,-0.31052662857567,0.756160512935259,NA,FALSE,mlu-miR-379-5p
mmy-can-510,0.271612053068217,-0.415956442962405,1.33951939925514,-0.31052662857567,0.756160512935259,NA,FALSE,mmy-can-510
pha-miR-176,0.780532835270606,-0.250510605931464,0.810651603322183,-0.309023759287998,0.757303453479601,NA,FALSE,pha-miR-176
mlu-miR-1306-5p,958.989960832697,0.0347592604583363,0.114194099889623,0.304387533961331,0.760832663964066,0.875648678051342,FALSE,mlu-miR-1306-5p
mmu-miR-1306-5p,958.989960832697,0.0347592604583363,0.114194099889623,0.304387533961331,0.760832663964066,0.875648678051342,FALSE,mmu-miR-1306-5p
hsa-miR-1306-5p,958.95585878695,0.0346582938375045,0.11419576570485,0.303498939943904,0.7615096552016,0.875648678051342,FALSE,hsa-miR-1306-5p
pha-miR-149,2.18659650579355,-0.210972137181131,0.696003426043297,-0.303119394656552,0.761798874246079,0.875648678051342,FALSE,pha-miR-149
mmy-can-521,5244.21998470481,0.0281381079471057,0.0932774173763756,0.301660452642766,0.76291091879695,0.875648678051342,FALSE,mmy-can-521
pha-miR-15,240.155513308968,0.0633130183240563,0.209975268856364,0.301526073374699,0.763013370916107,0.875648678051342,FALSE,pha-miR-15
hsa-miR-26b-5p,79305.1796518278,0.0298940448253577,0.100020184727125,0.2988801201169,0.765031516037037,0.87587931289751,FALSE,hsa-miR-26b-5p
mmy-can-304,6.3616344746091,0.0819784601675002,0.278398245585682,0.294464715447605,0.768402821787856,0.877654407824043,FALSE,mmy-can-304
pha-miR-163,1.63047418062523,0.327271323094512,1.11656731844109,0.293104873919681,0.769441991451101,NA,FALSE,pha-miR-163
mmy-can-520,0.70073935134275,0.231063266027627,0.789688409556815,0.292600553878337,0.769827490355455,NA,FALSE,mmy-can-520
hsa-miR-6516-5p,0.70720432569015,-0.234212296198807,0.811591362526201,-0.288584017786717,0.77289972734107,NA,FALSE,hsa-miR-6516-5p
pha-miR-183,1.13607296843009,-0.208602974353284,0.72579396389369,-0.287413487478161,0.773795735155609,NA,FALSE,pha-miR-183
hsa-miR-27a-5p,2.5610661545836,0.106290060346694,0.374777858198771,0.283608164200355,0.776710679790279,0.885046211959608,FALSE,hsa-miR-27a-5p
mmy-can-351,1899.45974627759,-0.0270193971533464,0.0980591931651049,-0.275541703752886,0.782900090340708,0.888212931652212,FALSE,mmy-can-351
mmu-miR-503-5p,29.1585928077687,0.0580208732623071,0.21084434284408,0.275183448034049,0.783175302805374,0.888212931652212,FALSE,mmu-miR-503-5p
mmy-can-449,0.407726759079136,-0.444089716342216,1.64309688345451,-0.27027603838463,0.786947898200875,NA,FALSE,mmy-can-449
pha-miR-140,4.97978223034234,0.0926505580541388,0.343554969702493,0.269681903115449,0.787404984097449,0.890913620504625,FALSE,pha-miR-140
hsa-miR-363-5p,0.996952296301349,0.202010465469412,0.754492301531715,0.267743574134958,0.788896706587416,NA,FALSE,hsa-miR-363-5p
pha-miR-128,12.8652026965971,-0.401870679608647,1.52712239512954,-0.263155514509075,0.792430716917699,0.892586476925118,FALSE,pha-miR-128
mmu-miR-151-5p,1914.92074797834,-0.0258660306501407,0.098367678647417,-0.262952536908523,0.792587162082885,0.892586476925118,FALSE,mmu-miR-151-5p
mmu-miR-190a-5p,0.865836736280486,-0.217043263687877,0.825842432765322,-0.262814376056108,0.792693654458738,NA,FALSE,mmu-miR-190a-5p
mmy-can-529,0.865836736280486,-0.217043263687877,0.825842432765322,-0.262814376056108,0.792693654458738,NA,FALSE,mmy-can-529
mlu-miR-146b-3p,2.13576394224916,0.149305931602771,0.5872855307606,0.254230563810083,0.799317439607435,0.897016256235119,FALSE,mlu-miR-146b-3p
mlu-miR-185-3p,12.3163260528037,0.0628584618233188,0.24842002298442,0.25303299254288,0.800242718218052,0.897016256235119,FALSE,mlu-miR-185-3p
hsa-miR-378a-5p,0.600936918332927,-0.201828500067745,0.843591073128751,-0.23924921267741,0.810912344272357,NA,FALSE,hsa-miR-378a-5p
mlu-miR-378A-5p,0.600936918332927,-0.201828500067745,0.843591073128751,-0.23924921267741,0.810912344272357,NA,FALSE,mlu-miR-378A-5p
mmy-can-472,5.42639702155713,0.0857380419023063,0.365580524050985,0.234525737181636,0.814576854877812,0.910965299422518,FALSE,mmy-can-472
mmy-can-485,1.83937177620693,0.129037288490455,0.551510199763586,0.233970810595651,0.815007639537525,NA,FALSE,mmy-can-485
hsa-miR-196a-5p,3.27043390361661,-0.0964593312717967,0.433329100224304,-0.222600631302782,0.823846345068402,0.913419282770291,FALSE,hsa-miR-196a-5p
mlu-miR-196A-5p,3.27043390361661,-0.0964593312717967,0.433329100224304,-0.222600631302782,0.823846345068402,0.913419282770291,FALSE,mlu-miR-196A-5p
pha-miR-180,0.667577379648591,0.188133202988392,0.846754528348761,0.222181513874235,0.82417258427848,NA,FALSE,pha-miR-180
mmy-can-395,611.964425467847,0.0369869303710359,0.166575334014593,0.222043261025642,0.82428020636967,0.913419282770291,FALSE,mmy-can-395
mmy-can-446,2.12157774387525,-0.105838909401771,0.476855438141407,-0.221951771828981,0.824351427396424,0.913419282770291,FALSE,mmy-can-446
hsa-miR-23a-5p,0.974265514133825,-0.149173700799681,0.705973408022957,-0.211302152608602,0.832651503307756,NA,FALSE,hsa-miR-23a-5p
pha-miR-160,1.54932502559381,0.119296144299814,0.56800867689244,0.21002521467186,0.833647993445442,NA,FALSE,pha-miR-160
hsa-miR-30c-5p,4043.95912924082,-0.0264349805712914,0.126126728965501,-0.20959062990147,0.833987193471959,0.91986688158692,FALSE,hsa-miR-30c-5p
mlu-miR-30C-5p,4043.95912924082,-0.0264349805712914,0.126126728965501,-0.20959062990147,0.833987193471959,0.91986688158692,FALSE,mlu-miR-30C-5p
mmy-can-524,2019.93687042673,-0.026062087860276,0.126201723712797,-0.206511346228413,0.836391502747548,0.920412566950498,FALSE,mmy-can-524
mlu-miR-24-3p,7499.42312209967,0.0245616328807286,0.120615806583793,0.20363527448341,0.838638525618378,0.920732153230075,FALSE,mlu-miR-24-3p
hsa-miR-1296-5p,5.48078763826283,0.0739523390641581,0.367463366113411,0.201250916101754,0.840502380541977,0.920732153230075,FALSE,hsa-miR-1296-5p
pha-miR-188,0.591133646116043,0.186652718319369,0.93277640516365,0.20010445942468,0.841398885785654,NA,FALSE,pha-miR-188
pha-miR-158,1.52888676637453,0.105786946590074,0.537148705327204,0.196941639328041,0.843873208262129,NA,FALSE,pha-miR-158
pha-miR-157,2.01455299156368,0.106567262577752,0.572356389434105,0.186190395608437,0.852295455462853,0.931533808465069,FALSE,pha-miR-157
pha-miR-141,1.19966425230842,-0.099285839741183,0.549948396428577,-0.180536647412659,0.856731286556313,NA,FALSE,pha-miR-141
mmu-miR-1247-5p,0.567966338391774,-0.146780940907507,0.826458044176143,-0.177602410602495,0.859035231256446,NA,FALSE,mmu-miR-1247-5p
mmy-can-322,106.047072609625,0.03159747267995,0.182130504032125,0.173488086731351,0.862267791307877,0.940301075589133,FALSE,mmy-can-322
mlu-miR-33-3p,0.484249289442935,-0.130256104305198,0.753414860488637,-0.172887622923602,0.862739760628958,NA,FALSE,mlu-miR-33-3p
pha-miR-182,0.980326993279367,0.108112954755591,0.652723663781094,0.165633576281447,0.868445322198104,NA,FALSE,pha-miR-182
pha-miR-161,2.08524476967145,0.0903469739380637,0.55666030659769,0.162301807524709,0.871068191354431,0.943098170718702,FALSE,pha-miR-161
mmu-miR-125a-5p,19.7383821168017,0.0581626749090324,0.361535143143646,0.160876960406372,0.872190308851884,0.943098170718702,FALSE,mmu-miR-125a-5p
mmy-can-405,23.3070094550268,-0.0298719818072672,0.188394753278737,-0.158560582433368,0.874015086483086,0.943098170718702,FALSE,mmy-can-405
mmu-miR-145a-5p,16.0576487934923,0.046412009575531,0.294122840818146,0.157798046035558,0.874615938405103,0.943098170718702,FALSE,mmu-miR-145a-5p
mmy-can-502,16.0576487934923,0.046412009575531,0.294122840818146,0.157798046035558,0.874615938405103,0.943098170718702,FALSE,mmy-can-502
pha-miR-184,0.465356898845488,-0.157400295851325,1.01593697037918,-0.154931162503692,0.876875586138408,NA,FALSE,pha-miR-184
hsa-miR-450b-5p,0.647824460477312,-0.109784805157553,0.743838045580621,-0.147592349987769,0.882664492803287,NA,FALSE,hsa-miR-450b-5p
mlu-miR-450b-5p,0.647824460477312,-0.109784805157553,0.743838045580621,-0.147592349987769,0.882664492803287,NA,FALSE,mlu-miR-450b-5p
mmy-can-537,0.647824460477312,-0.109784805157553,0.743838045580621,-0.147592349987769,0.882664492803287,NA,FALSE,mmy-can-537
mlu-miR-145A-5p,16.0767928373364,0.042757310441307,0.294105795429011,0.145380713695006,0.884410291124055,0.949058695985299,FALSE,mlu-miR-145A-5p
pha-miR-131,4.66315762520256,-0.134298328541482,0.943826167935454,-0.142291380663082,0.886849854487832,0.949058695985299,FALSE,pha-miR-131
mlu-miR-125b-2-3p,25.6519939823928,0.0260890928426401,0.183782711663568,0.141956186229305,0.88711461344611,0.949058695985299,FALSE,mlu-miR-125b-2-3p
mlu-miR-340-3p,16.0367897178572,-0.0280543552744678,0.199234830557185,-0.140810495815467,0.888019651222759,0.949058695985299,FALSE,mlu-miR-340-3p
mmy-can-230,1.53306787519162,-0.0823204486236861,0.587009664012412,-0.140236956340715,0.888472773465511,NA,FALSE,mmy-can-230
mlu-miR-21A-3p,9.7632331271019,-0.0336334131932807,0.244150380022557,-0.137756956143887,0.890432503955461,0.949532006430381,FALSE,mlu-miR-21A-3p
mlu-miR-744-3p,0.671601747147421,0.0975279230891231,0.762208105230061,0.127954455508822,0.898185015917678,NA,FALSE,mlu-miR-744-3p
mlu-miR-190b-5p,94.0672752386532,0.0173709962858563,0.13665256166278,0.12711797038041,0.898847028536745,0.954282528094077,FALSE,mlu-miR-190b-5p
mmu-miR-190b-5p,94.0672752386532,0.0173709962858563,0.13665256166278,0.12711797038041,0.898847028536745,0.954282528094077,FALSE,mmu-miR-190b-5p
pha-miR-153,2.05515420970769,0.0645297137258897,0.525665842765768,0.122758049840883,0.90229869430816,0.955841693750623,FALSE,pha-miR-153
mlu-miR-409-5p,0.0775762457530018,0.338989175890459,2.91482365099414,0.116298348195042,0.907416094680006,NA,FALSE,mlu-miR-409-5p
mmu-miR-409-5p,0.0775762457530018,0.338989175890459,2.91482365099414,0.116298348195042,0.907416094680006,NA,FALSE,mmu-miR-409-5p
mlu-miR-301A-5p,0.56101108862064,0.111511714018006,0.979839642642502,0.113806085368493,0.90939151451247,NA,FALSE,mlu-miR-301A-5p
mmu-miR-301a-5p,0.56101108862064,0.111511714018006,0.979839642642502,0.113806085368493,0.90939151451247,NA,FALSE,mmu-miR-301a-5p
rno-miR-301a-5p,0.56101108862064,0.111511714018006,0.979839642642502,0.113806085368493,0.90939151451247,NA,FALSE,rno-miR-301a-5p
hsa-miR-542-5p,1.50872543480304,0.0602972112369014,0.5595558112284,0.107759065363882,0.914186814852329,NA,FALSE,hsa-miR-542-5p
mlu-miR-542-5p,1.50872543480304,0.0602972112369014,0.5595558112284,0.107759065363882,0.914186814852329,NA,FALSE,mlu-miR-542-5p
mmu-miR-542-5p,1.50872543480304,0.0602972112369014,0.5595558112284,0.107759065363882,0.914186814852329,NA,FALSE,mmu-miR-542-5p
mmy-can-506,133.460069629161,0.0183690516919376,0.17223908769436,0.106648565884962,0.915067788260352,0.967242706012039,FALSE,mmy-can-506
pha-miR-177,0.53242211668357,0.0961661684967444,0.935190068799364,0.10283061348182,0.918097408004358,NA,FALSE,pha-miR-177
mmy-can-508,0.675023336697084,-0.103188944785375,1.02125461377246,-0.101041349917823,0.919517635634383,NA,FALSE,mmy-can-508
pha-miR-1104,0.489278533444337,-0.0976958051029697,0.983103773481896,-0.0993748653379253,0.920840638519834,NA,FALSE,pha-miR-1104
pha-miR-169,1.84747533890129,0.0526167492755724,0.542557007920776,0.0969792086498226,0.922742905704288,NA,FALSE,pha-miR-169
mlu-miR-129-1-3p,10.9699546064233,0.0373896254009158,0.38672653490504,0.0966823375853863,0.922978666676574,0.971944937203998,FALSE,mlu-miR-129-1-3p
pha-miR-127,7.37873395483087,0.0255031300460041,0.265757871274523,0.0959637805785247,0.923549338671019,0.971944937203998,FALSE,pha-miR-127
mmy-can-484,11.2554831161858,-0.0280882955472833,0.302151610200509,-0.0929609328530263,0.925934597845145,0.97233219207268,FALSE,mmy-can-484
mlu-miR-381-3p,0.0604518271722392,-0.24076189433928,2.95654533115283,-0.0814335203328004,0.935097192252837,NA,FALSE,mlu-miR-381-3p
mmy-can-474,0.0604518271722392,-0.24076189433928,2.95654533115283,-0.0814335203328004,0.935097192252837,NA,FALSE,mmy-can-474
pha-miR-118,21.6639078025705,-0.11871280224074,1.51549732468843,-0.0783325712997526,0.937563508903463,0.982403502807541,FALSE,pha-miR-118
mlu-miR-199A-3p,543.690820316344,0.0107561676243916,0.148541404446477,0.0724119154822403,0.942274102505633,0.983969541768201,FALSE,mlu-miR-199A-3p
mmy-can-315,15.2461096550369,-0.0245549008933511,0.348658380853067,-0.0704268196085588,0.943853945281318,0.983969541768201,FALSE,mmy-can-315
mmy-can-422,5.48497730321163,0.0267930211831966,0.389672115549563,0.0687578610684262,0.945182360661156,0.983969541768201,FALSE,mmy-can-422
pha-miR-181,1.13088375182106,0.0443364806386103,0.674130612004747,0.0657683835284699,0.947562228007237,NA,FALSE,pha-miR-181
mmy-can-536,1.67752211737033,-0.0299810077525688,0.462716860043596,-0.0647934197810387,0.948338480696789,NA,FALSE,mmy-can-536
hsa-miR-449b-5p,0.672301011861915,0.0763970840551204,1.19560127817134,0.0638984630160054,0.949051076115316,NA,FALSE,hsa-miR-449b-5p
mlu-miR-18A-3p,88.3148765745712,0.00780525912016463,0.124235372804959,0.0628263830496839,0.949904756729386,0.986754510223198,FALSE,mlu-miR-18A-3p
mlu-miR-30A-3p,17.048127754461,0.0113476782429852,0.201644328369843,0.0562757124622522,0.95512216681323,0.990040611621456,FALSE,mlu-miR-30A-3p
mmy-can-527,47.2789272342467,0.0133602028101962,0.289777604855503,0.0461050218730957,0.96322654339084,0.996298699387092,FALSE,mmy-can-527
mlu-miR-127-3p,1.51384123899608,-0.0289449136274882,0.650420852338653,-0.0445018229711023,0.964504398897477,NA,FALSE,mlu-miR-127-3p
hsa-miR-103a-2-5p,14.6846983432012,0.00892984328433619,0.229603751294344,0.0388924102241189,0.968976167756175,0.997962634312984,FALSE,hsa-miR-103a-2-5p
mlu-miR-103-2-5p,14.6846983432012,0.00892984328433619,0.229603751294344,0.0388924102241189,0.968976167756175,0.997962634312984,FALSE,mlu-miR-103-2-5p
pha-miR-173,1.27923470244574,-0.0197939002884297,0.676033331256197,-0.02927947391536,0.976641697326025,NA,FALSE,pha-miR-173
pha-miR-114,17.2341260121612,-0.00976427795898803,0.334575963979011,-0.0291840389335337,0.976717810898252,0.998303533751572,FALSE,pha-miR-114
pha-miR-142,4.32115872067606,-0.0109729095629118,0.385933867835307,-0.0284320980287597,0.977317524018645,0.998303533751572,FALSE,pha-miR-142
mmy-can-518,3796.49346235783,0.00246807416844276,0.0870794175095098,0.0283427960249416,0.977388748005111,0.998303533751572,FALSE,mmy-can-518
hsa-miR-199b-5p,0.937457928840002,-0.0167984917167422,0.784473889737286,-0.0214137040588666,0.982915641814545,NA,FALSE,hsa-miR-199b-5p
pha-miR-111,67.2236645658152,0.00356102591491671,0.195881829601023,0.0181794601478345,0.98549568835707,0.998303533751572,FALSE,pha-miR-111
mmy-can-362,503.100626953586,0.00216961908517414,0.148693455884445,0.01459122106127,0.98835830308687,0.998303533751572,FALSE,mmy-can-362
hsa-miR-10a-5p,507.022723357446,0.00186444283021596,0.148720257953343,0.0125365760917445,0.989997521499576,0.998303533751572,FALSE,hsa-miR-10a-5p
mlu-miR-10A-5p,507.022723357446,0.00186444283021596,0.148720257953343,0.0125365760917445,0.989997521499576,0.998303533751572,FALSE,mlu-miR-10A-5p
mmu-miR-210-5p,2.90736830719858,-0.00482754064564343,0.531181581218535,-0.00908830580037999,0.992748680941391,0.998303533751572,FALSE,mmu-miR-210-5p
rno-miR-210-5p,2.90736830719858,-0.00482754064564343,0.531181581218535,-0.00908830580037999,0.992748680941391,0.998303533751572,FALSE,rno-miR-210-5p
mmy-can-414,49.87514646566,-0.00100813627843159,0.149481614144483,-0.00674421589706118,0.994618935053506,0.998303533751572,FALSE,mmy-can-414
hsa-miR-221-5p,40.7041375347368,-0.000318972923197033,0.150019712570774,-0.00212620673464197,0.998303533751572,0.998303533751572,FALSE,hsa-miR-221-5p
mlu-miR-221-5p,40.7041375347368,-0.000318972923197033,0.150019712570774,-0.00212620673464197,0.998303533751572,0.998303533751572,FALSE,mlu-miR-221-5p
mmu-miR-221-5p,40.7041375347368,-0.000318972923197033,0.150019712570774,-0.00212620673464197,0.998303533751572,0.998303533751572,FALSE,mmu-miR-221-5p
rno-miR-221-5p,40.7041375347368,-0.000318972923197033,0.150019712570774,-0.00212620673464197,0.998303533751572,0.998303533751572,FALSE,rno-miR-221-5p
