,baseMean,log2FoldChange,lfcSE,stat,pvalue,padj,sig,miRNA,spp
pha-miR-1012,72.8437332372335,4.25886320723355,0.308595112132604,13.8008122610948,2.5199712146921e-43,9.04669666074464e-41,TRUE,pha-miR-1012,pha
mmu-miR-6240,40.3741670377884,2.1181917040922,0.22152095525561,9.56203760338633,1.15460723547421e-21,2.07251998767621e-19,TRUE,mmu-miR-6240,mmu
mmu-miR-2137,2.88095303541792,4.18639550889756,0.637494692465153,6.56694958935112,5.13564230239395e-11,6.1456519551981e-09,TRUE,mmu-miR-2137,mmu
efu-miR-9270,3.30598288314711,2.73020487789331,0.477073177633692,5.72282200276962,1.04769016538998e-08,9.40301923437503e-07,TRUE,efu-miR-9270,efu
hsa-miR-10400-5p,3.05594352386892,2.55531544765013,0.525821400782307,4.85966422030061,1.17585011883656e-06,8.44260385324651e-05,TRUE,hsa-miR-10400-5p,hsa
hsa-miR-7704,1.3452014809972,3.58155262714831,0.75233645783207,4.76057299877358,1.9304409327498e-06,0.00011550471580953,TRUE,hsa-miR-7704,hsa
hsa-miR-4508,135.547795345652,1.11578952864652,0.251538536588564,4.43585918793665,9.17057812054942e-06,0.00047031964932532,TRUE,hsa-miR-4508,hsa
hsa-miR-144-5p,396.243931478156,-0.812661895064826,0.189407381591396,-4.29055028498288,1.78230921411137e-05,0.000616565991190889,TRUE,hsa-miR-144-5p,hsa
mmu-miR-144-5p,396.243931478156,-0.812661895064826,0.189407381591396,-4.29055028498288,1.78230921411137e-05,0.000616565991190889,TRUE,mmu-miR-144-5p,mmu
pal-miR-144-5p,394.670425865366,-0.813354968688629,0.189792396617643,-4.28549817160074,1.82330147784219e-05,0.000616565991190889,TRUE,pal-miR-144-5p,pal
hsa-let-7a-5p,767525.80108756,0.323119741396159,0.0755376417813605,4.27759900595535,1.88919941590523e-05,0.000616565991190889,TRUE,hsa-let-7a-5p,hsa
hsa-let-7b-5p,43727.8928103832,0.470731599743982,0.112340872937504,4.19020777954834,2.78699128476489e-05,0.000833774892692162,TRUE,hsa-let-7b-5p,hsa
pal-miR-142-5p,8400.59736214488,-0.623310467109192,0.150010812466438,-4.15510360127305,3.25140183413739e-05,0.000897887121888711,TRUE,pal-miR-142-5p,pal
pal-miR-20a-3p,55.1825547203891,-0.543713170952873,0.132828875904004,-4.0933356339311,4.25211528477708e-05,0.00104045523600316,TRUE,pal-miR-20a-3p,pal
pal-miR-101-3p,91.0165976469635,-0.620070955690785,0.151673288646663,-4.08820143100672,4.34730600001321e-05,0.00104045523600316,TRUE,pal-miR-101-3p,pal
pal-miR-18a-5p,10552.7298986409,-0.5011807476687,0.12403580194258,-4.04061359558679,5.33115344813858e-05,0.00106476607201025,TRUE,pal-miR-18a-5p,pal
efu-miR-18,10554.6016914741,-0.501070419631831,0.124018624987322,-4.040283624198,5.33865997108203e-05,0.00106476607201025,TRUE,efu-miR-18,efu
hsa-miR-18a-5p,10554.6016914741,-0.501070419631831,0.124018624987322,-4.040283624198,5.33865997108203e-05,0.00106476607201025,TRUE,hsa-miR-18a-5p,hsa
pal-miR-144-3p,929.319426851475,-1.05127034282689,0.26194887055219,-4.01326541554007,5.98845134301236e-05,0.0011315021221797,TRUE,pal-miR-144-3p,pal
pal-miR-628-3p,261.969257229702,0.492904575737004,0.126739576186207,3.88911333436073,0.000100611128405325,0.00180596975487558,TRUE,pal-miR-628-3p,pal
hsa-miR-1224-5p,36.4236476866296,0.543890461057042,0.155245597316473,3.50341955236454,0.000459325375198399,0.00749535498619206,TRUE,hsa-miR-1224-5p,hsa
pal-miR-1224-5p,36.4236476866296,0.543890461057042,0.155245597316473,3.50341955236454,0.000459325375198399,0.00749535498619206,TRUE,pal-miR-1224-5p,pal
pal-miR-18b-5p,189.919041522545,-0.529370876214287,0.152103025744243,-3.48034415241948,0.000500770071617295,0.00781636763959169,TRUE,pal-miR-18b-5p,pal
hsa-miR-18b-5p,191.280878424336,-0.525624400456354,0.151874871303175,-3.46090433490538,0.000538364089081585,0.00805302949917871,TRUE,hsa-miR-18b-5p,hsa
efu-miR-423,48794.2462969072,0.468086888658665,0.137989046896721,3.39220321602052,0.000693329973346268,0.00957328693966577,TRUE,efu-miR-423,efu
hsa-miR-423-5p,48794.2462969072,0.468086888658665,0.137989046896721,3.39220321602052,0.000693329973346268,0.00957328693966577,TRUE,hsa-miR-423-5p,hsa
hsa-miR-3064-5p,13.342417430312,0.688787387543146,0.210307254027829,3.27514802438532,0.00105606622278601,0.0132256588284778,TRUE,hsa-miR-3064-5p,hsa
hsa-miR-30e-5p,1407.74173379454,-0.411684465013187,0.125860468284839,-3.27095926642741,0.00107183347594157,0.0132256588284778,TRUE,hsa-miR-30e-5p,hsa
pal-miR-6119-5p,17474.7429706073,-0.414669064292677,0.126976293278568,-3.26572034500134,0.00109186021028793,0.0132256588284778,TRUE,pal-miR-6119-5p,pal
pal-miR-30e-5p,1406.24945885197,-0.410579733046211,0.125856770479596,-3.26227767867899,0.00110520825864717,0.0132256588284778,TRUE,pal-miR-30e-5p,pal
hsa-miR-181d-5p,538.123309287473,0.530370931325746,0.165883519511291,3.19724908712012,0.00138745060008458,0.0160675730783988,TRUE,hsa-miR-181d-5p,hsa
efu-miR-181d,539.006983236094,0.527090500930339,0.165918391589179,3.17680575300801,0.00148906734755428,0.0167054743053746,TRUE,efu-miR-181d,efu
efu-miR-140,195.663419148262,-0.45063224552619,0.142725128681795,-3.157343417296,0.00159213718830203,0.0173205227454675,TRUE,efu-miR-140,efu
efu-let-7c,5020.35503986322,0.388958737401299,0.124510855821569,3.12389417641381,0.00178474632783996,0.0183197700132125,TRUE,efu-let-7c,efu
hsa-let-7c-5p,5020.29846788164,0.38893003946022,0.124510233093101,3.12367931372679,0.00178605000128813,0.0183197700132125,TRUE,hsa-let-7c-5p,hsa
hsa-miR-181b-5p,1642.89371688179,0.313026944791861,0.100786561121284,3.1058401170685,0.00189739275990699,0.0184784799416985,TRUE,hsa-miR-181b-5p,hsa
mmu-miR-181b-5p,1643.38131459141,0.312933259095781,0.100792117268858,3.10473941390721,0.00190446729204135,0.0184784799416985,TRUE,mmu-miR-181b-5p,mmu
efu-miR-181e,825.754196689583,0.310980790622942,0.1005725328847,3.09210459061882,0.00198742811081337,0.0187759655732105,TRUE,efu-miR-181e,efu
hsa-miR-24-2-5p,15.2369820293768,-0.580392812047038,0.188880721959542,-3.07280068619897,0.00212060072844866,0.0195204015772582,TRUE,hsa-miR-24-2-5p,hsa
efu-miR-16,7043560.04335999,0.190041764107992,0.06257240245551,3.03714987199213,0.00238826678706417,0.0209118969891717,TRUE,efu-miR-16,efu
hsa-miR-16-5p,7043560.04335999,0.190041764107992,0.06257240245551,3.03714987199213,0.00238826678706417,0.0209118969891717,TRUE,hsa-miR-16-5p,hsa
mmu-miR-3969,4.46989628970955,-1.03876749586268,0.349033409163993,-2.97612626353089,0.00291914647915734,0.0249517520480354,TRUE,mmu-miR-3969,mmu
pal-miR-148b-5p,13.6952238525183,-0.609244671083214,0.205700128257245,-2.96180987462148,0.00305836571453565,0.0255337974771698,TRUE,pal-miR-148b-5p,pal
pal-miR-324-3p,90.9507748977431,0.324643681080647,0.110075665474842,2.94927747818017,0.00318517855999471,0.0259881614326841,TRUE,pal-miR-324-3p,pal
pal-miR-106b-5p,27436.0465840826,-0.388804576070909,0.133669110016043,-2.90870924497249,0.00362924217177897,0.0283473516670651,TRUE,pal-miR-106b-5p,pal
hsa-miR-106b-5p,27450.3346408543,-0.388760844174899,0.13366598310254,-2.90845011686082,0.00363225118853759,0.0283473516670651,TRUE,hsa-miR-106b-5p,hsa
hsa-miR-181a-5p,12340.6803387983,0.330060085424594,0.114581532063053,2.88056966495235,0.00396957215931467,0.0296985164797016,TRUE,hsa-miR-181a-5p,hsa
pal-miR-181a-5p,24673.4537024246,0.330104535007408,0.114600943418921,2.88046961184881,0.0039708322869796,0.0296985164797016,TRUE,pal-miR-181a-5p,pal
efu-miR-660,133.908742012132,-0.405897914783732,0.144292390865886,-2.81302369686977,0.00490780342551496,0.0352380285951974,TRUE,efu-miR-660,efu
hsa-miR-660-5p,133.908742012132,-0.405897914783732,0.144292390865886,-2.81302369686977,0.00490780342551496,0.0352380285951974,TRUE,hsa-miR-660-5p,hsa
pal-miR-9993b-3p,10.0126247658283,-0.722414427837393,0.259749549394651,-2.78119607722511,0.00541590151098266,0.0381236988714269,TRUE,pal-miR-9993b-3p,pal
efu-miR-155,285.797014940851,0.377656394184787,0.136860472169702,2.75942635735252,0.00579029359772368,0.0391243811144223,TRUE,efu-miR-155,efu
hsa-miR-155-5p,285.797014940851,0.377656394184787,0.136860472169702,2.75942635735252,0.00579029359772368,0.0391243811144223,TRUE,hsa-miR-155-5p,hsa
hsa-miR-671-5p,41.5948042003196,-0.387949042039644,0.140861302606594,-2.75412079017281,0.00588500440161226,0.0391243811144223,TRUE,hsa-miR-671-5p,hsa
hsa-miR-21-5p,4367.68552713084,-0.373857452676545,0.13703806045585,-2.7281286048046,0.00636947701305355,0.0414813006961776,TRUE,hsa-miR-21-5p,hsa
mmu-let-7j,1370.5176458047,0.234020747728789,0.0859445307645653,2.72292774940922,0.00647062072140933,0.0414813006961776,TRUE,mmu-let-7j,mmu
hsa-miR-340-5p,49.2036742671617,-0.57933689898967,0.215064158659221,-2.6937863686885,0.00706454288559433,0.0444942262443573,TRUE,hsa-miR-340-5p,hsa
mmu-miR-362-5p,63.1941391222274,-0.526849553677745,0.196028581143118,-2.68761601295832,0.0071964098893108,0.0445432956941824,TRUE,mmu-miR-362-5p,mmu
hsa-miR-135b-5p,2.46688570334149,-1.14138274537918,0.431847252200979,-2.64302421646067,0.00821691581498382,0.0499978436877829,TRUE,hsa-miR-135b-5p,hsa
pha-miR-1000,394.04042449353,0.375202322252745,0.142415917501767,2.63455327771273,0.00842480809565138,0.0501303283107653,FALSE,pha-miR-1000,pha
pal-miR-17-3p,1901.1287924379,-0.29874499224886,0.113555937734631,-2.63081788771801,0.00851796664890441,0.0501303283107653,FALSE,pal-miR-17-3p,pal
pha-miR-1017,14.1066355740069,0.555297524019536,0.220933089234596,2.51341945175943,0.0119567078568068,0.068687631588458,FALSE,pha-miR-1017,pha
efu-miR-361,26638.4177738576,0.192471072931678,0.0766644501302435,2.51056483943593,0.0120538183567489,0.068687631588458,FALSE,efu-miR-361,efu
hsa-miR-148b-5p,15.1289656907602,-0.463125898889917,0.188588427410907,-2.45574930152438,0.0140591198311687,0.0788628753029618,FALSE,hsa-miR-148b-5p,hsa
mmu-miR-148b-5p,15.1514866139161,-0.457233541560749,0.187941700360886,-2.43284774311804,0.014980598805832,0.0827389995583646,FALSE,mmu-miR-148b-5p,mmu
hsa-miR-744-5p,5675.31680070437,0.29977515048745,0.126001343061048,2.37914250122087,0.0173529661663851,0.0943896189959433,FALSE,hsa-miR-744-5p,hsa
mmu-miR-5100,152.793492534684,0.29430751912808,0.124589964825863,2.3622088628039,0.018166404087557,0.0973393890661638,FALSE,mmu-miR-5100,mmu
pal-miR-29b-2-5p,159.723320837167,0.352304170456368,0.151607815673578,2.32378633575793,0.0201369484502602,0.106311242553579,FALSE,pal-miR-29b-2-5p,pal
efu-miR-486,3182081.40040868,0.266355904974525,0.116102408736066,2.29414624445931,0.0217820998259472,0.11333005561616,FALSE,efu-miR-486,efu
hsa-miR-486-5p,6393715.4804676,0.265811572621173,0.11616312255471,2.28826125516713,0.0221223113889857,0.113455854123512,FALSE,hsa-miR-486-5p,hsa
pha-miR-1008,83.2596607771527,0.325231301947054,0.143342050882525,2.26891759916003,0.0232733372789204,0.114743142943478,FALSE,pha-miR-1008,pha
efu-miR-20,20071.6437638112,-0.317108846618137,0.139866629265553,-2.26722305587325,0.0233766030714141,0.114743142943478,FALSE,efu-miR-20,efu
hsa-miR-20a-5p,20071.6281947287,-0.317106828927492,0.139866751577057,-2.26720664741248,0.0233776049473296,0.114743142943478,FALSE,hsa-miR-20a-5p,hsa
pal-miR-500-3p,230.942149871708,-0.254883455192532,0.112643777070053,-2.26273889088448,0.0236517899103548,0.114743142943478,FALSE,pal-miR-500-3p,pal
hsa-miR-362-5p,196.358100693077,-0.322749084572985,0.143422518673717,-2.25033758685574,0.024427523668618,0.115387907855709,FALSE,hsa-miR-362-5p,hsa
pal-miR-362-5p,196.358100693077,-0.322749084572985,0.143422518673717,-2.25033758685574,0.024427523668618,0.115387907855709,FALSE,pal-miR-362-5p,pal
hsa-miR-1260a,824.829338692479,-0.265639442883351,0.118629045195421,-2.23924454964427,0.0251400086256399,0.117211209046815,FALSE,hsa-miR-1260a,hsa
pal-miR-181c-5p,244.20801972771,-0.240062653516101,0.108537478598712,-2.21179500957147,0.0269808320947523,0.12242554142912,FALSE,pal-miR-181c-5p,pal
efu-miR-192,208.478010462386,-0.460860407072101,0.209234173120007,-2.20260581816037,0.0276225434895235,0.12242554142912,FALSE,efu-miR-192,efu
hsa-miR-192-5p,208.478010462386,-0.460860407072101,0.209234173120007,-2.20260581816037,0.0276225434895235,0.12242554142912,FALSE,hsa-miR-192-5p,hsa
hsa-miR-139-5p,5.91710991044611,0.556621131916685,0.253808954174113,2.19307129540766,0.0283022427661906,0.12242554142912,FALSE,hsa-miR-139-5p,hsa
efu-miR-181c,245.409883825135,-0.238829663498265,0.108981281699908,-2.19147416669139,0.0284174971745996,0.12242554142912,FALSE,efu-miR-181c,efu
hsa-miR-181c-5p,245.409883825135,-0.238829663498265,0.108981281699908,-2.19147416669139,0.0284174971745996,0.12242554142912,FALSE,hsa-miR-181c-5p,hsa
pal-miR-502-3p,79.9655594124517,-0.261593482814605,0.11954020321678,-2.18833058481772,0.0286455305850865,0.12242554142912,FALSE,pal-miR-502-3p,pal
hsa-miR-19b-1-5p,1.91451645758325,-1.10568066404394,0.514189326140207,-2.15033764380876,0.0315285168209847,0.133161618102747,FALSE,hsa-miR-19b-1-5p,hsa
hsa-miR-1260b,879.002314764179,-0.242833114048446,0.115166138008774,-2.10854612516351,0.0349837773793515,0.14603693115334,FALSE,hsa-miR-1260b,hsa
hsa-miR-22-5p,218.361663046453,-0.35825621723427,0.170482541520987,-2.10142466224418,0.0356037049148978,0.146916437522394,FALSE,hsa-miR-22-5p,hsa
hsa-miR-29a-5p,0.986023656654168,-1.6183542305386,0.778729512157902,-2.07819814874365,0.037691112546285,0.153762606864958,FALSE,hsa-miR-29a-5p,hsa
hsa-miR-146a-5p,108.556919577013,0.41622729608994,0.202244842602555,2.0580366388274,0.0395866164386238,0.159680846083887,FALSE,hsa-miR-146a-5p,hsa
pal-miR-1307-3p,153.450083584637,0.291953354531244,0.142337166523327,2.05113928893195,0.0402533841495425,0.160566276774286,FALSE,pal-miR-1307-3p,pal
hsa-miR-4454,111.355684606851,-0.276031448663075,0.135458802924811,-2.03775201539535,0.0415747393791242,0.162696618645594,FALSE,hsa-miR-4454,hsa
hsa-miR-378i,2.38521577769396,0.855459543053787,0.420787101223841,2.0329984939313,0.0420526751609438,0.162696618645594,FALSE,hsa-miR-378i,hsa
pal-miR-191-5p,440189.97048134,0.176817621970626,0.0872209973395919,2.02723687373343,0.0426381938241189,0.162696618645594,FALSE,pal-miR-191-5p,pal
hsa-miR-191-5p,440249.388973963,0.176808880870207,0.0872248622526498,2.02704683394139,0.0426576232766453,0.162696618645594,FALSE,hsa-miR-191-5p,hsa
hsa-let-7g-5p,173390.040397811,0.170507777059155,0.084276643798982,2.02319135377356,0.043053422761369,0.162696618645594,FALSE,hsa-let-7g-5p,hsa
hsa-miR-92a-1-5p,19.3820081691075,0.390325590636529,0.201228066716933,1.9397174410347,0.0524140387805425,0.196006665856404,FALSE,hsa-miR-92a-1-5p,hsa
mmu-miR-378d,2.49217646896905,0.785839830930913,0.408076316568084,1.92571781067771,0.0541396187366935,0.200372403365701,FALSE,mmu-miR-378d,mmu
mmu-miR-342-5p,229.700640106269,0.387535774500717,0.205629193609441,1.88463402349754,0.0594792654776885,0.216225336086514,FALSE,mmu-miR-342-5p,mmu
hsa-miR-342-5p,229.596587892761,0.387217563367388,0.205579989417114,1.88353722784633,0.0596275996450274,0.216225336086514,FALSE,hsa-miR-342-5p,hsa
pal-miR-186-3p,4.19887183006163,-0.730040495074855,0.391494964260167,-1.86475066532327,0.0622163614181925,0.222534572364435,FALSE,pal-miR-186-3p,pal
hsa-miR-320d,95.8639050503753,0.340390510909183,0.182811958244429,1.86197070573503,0.0626072195231418,0.222534572364435,FALSE,hsa-miR-320d,hsa
hsa-miR-129-5p,9.11091204749923,0.729797584825525,0.394626625000169,1.84933691391252,0.0644091786578975,0.225985936195556,FALSE,hsa-miR-129-5p,hsa
hsa-miR-365b-5p,87.8888632099855,0.671794029968881,0.364697560309558,1.84205792163418,0.0654666778950913,0.225985936195556,FALSE,hsa-miR-365b-5p,hsa
mmu-miR-365-2-5p,87.8888632099855,0.671794029968881,0.364697560309558,1.84205792163418,0.0654666778950913,0.225985936195556,FALSE,mmu-miR-365-2-5p,mmu
hsa-miR-106a-5p,258.966967722655,-0.226188299495295,0.12344700713834,-1.83227041901323,0.0669111419585757,0.228772380601225,FALSE,hsa-miR-106a-5p,hsa
mmu-miR-1839-5p,10.2803615810908,0.418006959693325,0.231264304979172,1.80748585360361,0.0706865584288156,0.239400702603253,FALSE,mmu-miR-1839-5p,mmu
hsa-miR-199a-5p,9.50123241332651,-0.743680877534524,0.417303480752016,-1.78211041085578,0.0747312284038737,0.250733747635427,FALSE,hsa-miR-199a-5p,hsa
hsa-miR-193a-5p,3544.40126914726,0.663931104044148,0.375056063288658,1.77021829276003,0.0766907831514179,0.253848316550075,FALSE,hsa-miR-193a-5p,hsa
efu-miR-129b,4.55545602374961,0.720879862158796,0.407755162268326,1.76792332474363,0.0770737228522511,0.253848316550075,FALSE,efu-miR-129b,efu
mmu-miR-155-5p,0.562551709933365,1.45325739417598,0.82993454451582,1.75105061450817,0.0799371919092803,NA,FALSE,mmu-miR-155-5p,mmu
hsa-miR-451a,767703.045044302,-0.297246653938592,0.169843677698595,-1.75011903867324,0.0800977751918993,0.261410011762653,FALSE,hsa-miR-451a,hsa
hsa-miR-186-5p,7024.57352594941,-0.239855425304075,0.141180367380855,-1.69892903492048,0.0893325555260205,0.287087009338073,FALSE,hsa-miR-186-5p,hsa
pal-miR-186-5p,7020.89531135838,-0.239587937776455,0.141125169690835,-1.69769813776892,0.0895647494313764,0.287087009338073,FALSE,pal-miR-186-5p,pal
hsa-miR-10527-5p,0.942649743747256,1.19699045347845,0.712822612836982,1.67922626460251,0.0931079550680551,0.295803149287007,FALSE,hsa-miR-10527-5p,hsa
pha-miR-1021,11.356363076156,0.371416159688558,0.22292152507997,1.66612963712372,0.0956875966949832,0.299062258258404,FALSE,pha-miR-1021,pha
pha-miR-1018,17.8090959881672,0.382863861038454,0.229870122797997,1.66556600039277,0.0957998877429426,0.299062258258404,FALSE,pha-miR-1018,pha
pal-miR-9995-3p,9.47626965783525,-0.419819698588495,0.252958611935246,-1.65963789640007,0.0969873198018471,0.300159032835027,FALSE,pal-miR-9995-3p,pal
pal-miR-1379-3p,25.7303298246146,-0.340892432542497,0.207065513826865,-1.64630230424333,0.0997015353253776,0.304588237608544,FALSE,pal-miR-1379-3p,pal
efu-let-7e,531.36622221742,0.296288617509219,0.181236019284328,1.63482192270176,0.102086383675903,0.304588237608544,FALSE,efu-let-7e,efu
hsa-let-7e-5p,531.36622221742,0.296288617509219,0.181236019284328,1.63482192270176,0.102086383675903,0.304588237608544,FALSE,hsa-let-7e-5p,hsa
efu-let-7d,525.765156517363,0.256615412459311,0.157231225334632,1.63208937609665,0.102660659472518,0.304588237608544,FALSE,efu-let-7d,efu
hsa-let-7d-5p,525.765156517363,0.256615412459311,0.157231225334632,1.63208937609665,0.102660659472518,0.304588237608544,FALSE,hsa-let-7d-5p,hsa
pal-miR-199-5p,4.75061620666325,-0.671304559932232,0.42768378670078,-1.56962826463631,0.11650161891107,0.342820337615361,FALSE,pal-miR-199-5p,pal
hsa-miR-17-5p,14463.340908979,-0.212812914357817,0.137149447115211,-1.55168627241381,0.120737308933854,0.352395885424825,FALSE,hsa-miR-17-5p,hsa
pha-miR-1030,8.41109303570046,-0.317546466888851,0.207527861663217,-1.53013896227667,0.125982335866393,0.364739182064798,FALSE,pha-miR-1030,pha
pal-miR-9226-5p,6.18260771608972,-0.485730984647192,0.32300021071052,-1.50381011696155,0.132630265482823,0.378971459454557,FALSE,pal-miR-9226-5p,pal
hsa-miR-195-5p,1289.59790473012,-0.15706073350261,0.104684788891619,-1.50032048748951,0.133531404952336,0.378971459454557,FALSE,hsa-miR-195-5p,hsa
pal-miR-195-5p,1288.91724631028,-0.156583729796601,0.104783891447967,-1.49434925190154,0.135084358307949,0.378971459454557,FALSE,pal-miR-195-5p,pal
pha-miR-1013,34.8746170973303,0.288183293818638,0.192866662923149,1.49420998658265,0.135120743203853,0.378971459454557,FALSE,pha-miR-1013,pha
efu-miR-424,5.86566604624153,-0.537778496942032,0.369897578874219,-1.45385784513312,0.145985722163742,0.403145186590641,FALSE,efu-miR-424,efu
pal-miR-424-5p,5.86566604624153,-0.537778496942032,0.369897578874219,-1.45385784513312,0.145985722163742,0.403145186590641,FALSE,pal-miR-424-5p,pal
hsa-miR-126-5p,56.7183818007927,-0.401688492653816,0.27855966142913,-1.44201960396198,0.149296843300095,0.407080054459253,FALSE,hsa-miR-126-5p,hsa
pha-miR-1023,6.39980659708499,-0.429936995521507,0.298428891337717,-1.44066813904746,0.149678460135436,0.407080054459253,FALSE,pha-miR-1023,pha
pal-miR-126-5p,56.681826873385,-0.400020126412947,0.278758881979512,-1.43500405645316,0.151285941671219,0.408358293683968,FALSE,pal-miR-126-5p,pal
pha-miR-1005,160.382556980994,0.333633375059925,0.235465756405049,1.41690825941589,0.156509751392395,0.419305975745296,FALSE,pha-miR-1005,pha
mmu-miR-324-5p,4064.2262808805,0.140735949629122,0.102311204857192,1.37556731763216,0.168955630911036,0.447260965058239,FALSE,mmu-miR-324-5p,mmu
hsa-miR-324-5p,4063.41858174629,0.140614146252455,0.102337876991167,1.37401859787059,0.169435908768581,0.447260965058239,FALSE,hsa-miR-324-5p,hsa
hsa-miR-30b-5p,223.031706873303,-0.247558929883469,0.181927012742907,-1.36075960436568,0.173589671553373,0.45488096414351,FALSE,hsa-miR-30b-5p,hsa
pal-miR-331-5p,95.7794699450891,0.19220108694909,0.143098240931617,1.34314080800573,0.179226383914189,0.466248346559375,FALSE,pal-miR-331-5p,pal
pal-miR-15a-5p,33920.6346594353,-0.130930410185852,0.0996729951082208,-1.31359963692967,0.188980970976009,0.488087543743794,FALSE,pal-miR-15a-5p,pal
hsa-miR-15a-5p,34096.5211704443,-0.130223482893369,0.0995967846480785,-1.30750689747173,0.191040613907584,0.489119215611289,FALSE,hsa-miR-15a-5p,hsa
hsa-miR-223-5p,214.803214288825,0.173208459854416,0.132790255798835,1.30437627981387,0.192105318666272,0.489119215611289,FALSE,hsa-miR-223-5p,hsa
pal-miR-200b-3p,0.646609501100294,-1.03820848651691,0.797284816580834,-1.30218018069036,0.192854798682831,NA,FALSE,pal-miR-200b-3p,pal
mmu-miR-223-5p,214.999193773724,0.172292710446087,0.132765349061776,1.29772347727508,0.194382373189319,0.491431492781449,FALSE,mmu-miR-223-5p,mmu
hsa-miR-574-5p,8.29103141362454,0.408429973087696,0.316084915439589,1.292152687893,0.196304272589425,0.491710069083833,FALSE,hsa-miR-574-5p,hsa
pal-miR-574-5p,8.1897117122595,0.411454450435204,0.319086009953782,1.28947818957905,0.197231894005771,0.491710069083833,FALSE,pal-miR-574-5p,pal
hsa-miR-30d-5p,3457.30682807025,-0.141124355654756,0.110637371760668,-1.27555773794082,0.2021119016673,0.496903758667409,FALSE,hsa-miR-30d-5p,hsa
pal-miR-30d-5p,3448.03659057983,-0.140949255602823,0.110625505591063,-1.27411174167966,0.202623817750691,0.496903758667409,FALSE,pal-miR-30d-5p,pal
pal-miR-194b-3p,2.53478186492879,0.546629784426067,0.429830196705243,1.27173425370326,0.203467555777463,0.496903758667409,FALSE,pal-miR-194b-3p,pal
pha-miR-1022,16.8282335374496,0.269280525305419,0.216297579424013,1.2449539473465,0.213148678931698,0.517029565787025,FALSE,pha-miR-1022,pha
pal-miR-133a-3p,0.756004609292097,-1.09490841191096,0.892263826351563,-1.2271128556091,0.219780176680157,NA,FALSE,pal-miR-133a-3p,pal
efu-let-7f,164791.742004566,0.0841324165849965,0.0686114582392494,1.22621525243823,0.220117683049055,0.519865675651768,FALSE,efu-let-7f,efu
efu-miR-99a,10503.0232515766,-0.254345523234606,0.208203574593681,-1.22161938732787,0.221851593602105,0.519865675651768,FALSE,efu-miR-99a,efu
hsa-miR-99a-5p,10502.9241042124,-0.254320481036318,0.208201824556235,-1.22150937715547,0.221893217385308,0.519865675651768,FALSE,hsa-miR-99a-5p,hsa
hsa-let-7f-5p,329469.160303585,0.0837180466760127,0.0686559621579408,1.21938494552625,0.222698121114799,0.519865675651768,FALSE,hsa-let-7f-5p,hsa
pal-miR-99a-5p,10374.7987261927,-0.252968429333601,0.207934180464187,-1.21657934625698,0.223764304893809,0.519865675651768,FALSE,pal-miR-99a-5p,pal
pha-miR-1051,2.01919881282628,0.613004731087521,0.504010770614382,1.2162532366923,0.223888469451664,0.519865675651768,FALSE,pha-miR-1051,pha
hsa-miR-218-5p,1.96861165081902,0.772493885167613,0.635918795230423,1.21476812914093,0.224454539626808,0.519865675651768,FALSE,hsa-miR-218-5p,hsa
pha-miR-1065,0.423909063688817,-1.06503739827388,0.880060436473994,-1.21018665779478,0.226207276589388,NA,FALSE,pha-miR-1065,pha
mmu-miR-3084-5p,1.04093940729948,-0.977756319648945,0.809333327216529,-1.20810089831795,0.227008454247986,0.522410481250173,FALSE,mmu-miR-3084-5p,mmu
pha-miR-1055,0.629729865634825,-0.909890936963563,0.765680089394053,-1.18834347342587,0.234698116756291,NA,FALSE,pha-miR-1055,pha
hsa-miR-122-5p,21.4955060275141,0.392055333024148,0.333768174617684,1.1746336614425,0.240141310153079,0.549112932133475,FALSE,hsa-miR-122-5p,hsa
pha-miR-1003,235.781003944914,0.186221753300249,0.15948539830086,1.16764139717012,0.242951444470621,0.552022585854133,FALSE,pha-miR-1003,pha
mmu-miR-3970,16.5935693605181,0.245560820065031,0.211958369540403,1.15853325630637,0.246646488299276,0.556893643392705,FALSE,mmu-miR-3970,mmu
hsa-miR-202-5p,15.446605565004,-0.364500164700907,0.316040980679507,-1.15333196320683,0.248774155555757,0.55818701152823,FALSE,hsa-miR-202-5p,hsa
efu-miR-218a,1.00441103548376,0.753872863456564,0.657067516548347,1.14732937555146,0.251245517666191,0.560230688460637,FALSE,efu-miR-218a,efu
efu-miR-9-5p,186.395280172388,-0.173418573515932,0.153226114836321,-1.13178209668229,0.257726056417997,0.56762978069976,FALSE,efu-miR-9-5p,efu
hsa-miR-9-5p,186.395280172388,-0.173418573515932,0.153226114836321,-1.13178209668229,0.257726056417997,0.56762978069976,FALSE,hsa-miR-9-5p,hsa
hsa-miR-150-5p,177.346306884951,0.270736837126697,0.242116659628884,1.11820821227949,0.263478077696953,0.576380591943715,FALSE,hsa-miR-150-5p,hsa
hsa-miR-9985,3.92768127842779,-0.391883803391023,0.353865676828514,-1.10743660392057,0.268105207489843,0.576380591943715,FALSE,hsa-miR-9985,hsa
hsa-miR-98-5p,7999.19757838439,0.0923819333390078,0.0839058633479471,1.10101880432255,0.270888473131895,0.576380591943715,FALSE,hsa-miR-98-5p,hsa
hsa-miR-29b-1-5p,1.75740301842471,0.660955362132195,0.600868819318127,1.099999435621,0.271332367795231,0.576380591943715,FALSE,hsa-miR-29b-1-5p,hsa
mmu-miR-29b-1-5p,1.75740301842471,0.660955362132195,0.600868819318127,1.099999435621,0.271332367795231,0.576380591943715,FALSE,mmu-miR-29b-1-5p,mmu
pal-miR-29b-5p,1.75740301842471,0.660955362132195,0.600868819318127,1.099999435621,0.271332367795231,0.576380591943715,FALSE,pal-miR-29b-5p,pal
pha-miR-1058,0.606386484804461,1.00257238342871,0.911695439604988,1.09967905933926,0.271471981819898,NA,FALSE,pha-miR-1058,pha
pal-miR-9993a-3p,3.07972905831525,-0.402309402357272,0.373570971604254,-1.07692897183527,0.281511998747462,0.594487103237288,FALSE,pal-miR-9993a-3p,pal
pha-miR-1038,2.51113272409733,0.539517395301032,0.509425299200864,1.05907067463546,0.289567594173866,0.607922609990747,FALSE,pha-miR-1038,pha
hsa-miR-215-5p,4.43795185076828,-0.374824688890071,0.368262157704826,-1.01782027028285,0.308763377102847,0.634416004396565,FALSE,hsa-miR-215-5p,hsa
hsa-miR-26a-5p,61307.5946830282,0.0673071717155426,0.0661457394843542,1.01755868541561,0.308887729752962,0.634416004396565,FALSE,hsa-miR-26a-5p,hsa
efu-miR-26a,30648.9495412664,0.0672954885031553,0.0661630872483268,1.01711530253385,0.309098581456102,0.634416004396565,FALSE,efu-miR-26a,efu
efu-miR-26c,30658.6451417618,0.0672523235918283,0.0661421270278133,1.01678501454222,0.309255712449579,0.634416004396565,FALSE,efu-miR-26c,efu
efu-miR-215,4.45461243435385,-0.361018760594234,0.364567733441918,-0.990265257942116,0.322044483082364,0.652410078706661,FALSE,efu-miR-215,efu
pha-miR-1041,2.52571491446521,0.421276928085902,0.426424647130653,0.987928185954097,0.323187820264062,0.652410078706661,FALSE,pha-miR-1041,pha
pha-miR-1039,2.7696535405818,0.425444482725597,0.430902437160317,0.987333665433204,0.323479091949264,0.652410078706661,FALSE,pha-miR-1039,pha
hsa-miR-874-5p,0.76975304006683,0.854178333429857,0.867944079804458,0.984139823411547,0.325046768717957,NA,FALSE,hsa-miR-874-5p,hsa
mmu-miR-874-5p,0.76975304006683,0.854178333429857,0.867944079804458,0.984139823411547,0.325046768717957,NA,FALSE,mmu-miR-874-5p,mmu
pal-miR-874-5p,0.76975304006683,0.854178333429857,0.867944079804458,0.984139823411547,0.325046768717957,NA,FALSE,pal-miR-874-5p,pal
hsa-miR-4286,13.1703010900833,-0.231383835504395,0.237727783146136,-0.973314235476461,0.330397149474588,0.656296610860494,FALSE,hsa-miR-4286,hsa
efu-miR-34a,94.3937473277131,0.230917822495085,0.237491154929368,0.972321779999606,0.3308904918266,0.656296610860494,FALSE,efu-miR-34a,efu
hsa-miR-34a-5p,94.3937473277131,0.230917822495085,0.237491154929368,0.972321779999606,0.3308904918266,0.656296610860494,FALSE,hsa-miR-34a-5p,hsa
pal-miR-450a-2-3p,0.491867424177949,-0.87307953438538,0.908896493814862,-0.960592917154791,0.336756891368682,NA,FALSE,pal-miR-450a-2-3p,pal
pal-miR-126-3p,198.903083482684,-0.170776664341589,0.177846620825084,-0.960246888860209,0.336930973289877,0.664605601159703,FALSE,pal-miR-126-3p,pal
hsa-miR-4510,3.57507124703159,0.365114852480987,0.384591161848787,0.949358406277006,0.342438357359008,0.66481419492244,FALSE,hsa-miR-4510,hsa
efu-miR-218b,0.964200615335256,0.649609498085981,0.68661608315717,0.94610294460184,0.344096082038461,0.66481419492244,FALSE,efu-miR-218b,efu
pha-miR-1034,3.2908664938989,-0.409308552261683,0.433160402728005,-0.944935293447634,0.344691911738799,0.66481419492244,FALSE,pha-miR-1034,pha
efu-miR-185,7974.39218564523,-0.114049745309653,0.121202611890178,-0.940984220810307,0.346712945451109,0.66481419492244,FALSE,efu-miR-185,efu
hsa-miR-185-5p,7974.39218564523,-0.114049745309653,0.121202611890178,-0.940984220810307,0.346712945451109,0.66481419492244,FALSE,hsa-miR-185-5p,hsa
pal-miR-99a-3p,6.05785049710458,-0.24387738743007,0.259945125319763,-0.938187962286551,0.348147823524843,0.66481419492244,FALSE,pal-miR-99a-3p,pal
pha-miR-1048,1.77122140183655,0.478998071156998,0.512586680880988,0.934472332238013,0.350060301487249,0.66492935573504,FALSE,pha-miR-1048,pha
mmu-miR-202-5p,11.994108126368,-0.310809925844278,0.33757813996692,-0.920705131779963,0.357204396205291,0.674928306514207,FALSE,mmu-miR-202-5p,mmu
hsa-miR-183-5p,0.858989161984261,0.842267087162052,0.923808821855813,0.911733106715788,0.361909231574863,NA,FALSE,hsa-miR-183-5p,hsa
hsa-miR-432-5p,0.798332303371962,0.810996515369305,0.896911128319956,0.904210561963278,0.365883760715977,NA,FALSE,hsa-miR-432-5p,hsa
pal-miR-432-5p,0.798332303371962,0.810996515369305,0.896911128319956,0.904210561963278,0.365883760715977,NA,FALSE,pal-miR-432-5p,pal
hsa-miR-130b-5p,8.86769918613589,0.213728787292798,0.237086407044155,0.901480561274833,0.367332864662147,0.67661196054857,FALSE,hsa-miR-130b-5p,hsa
mmu-miR-130b-5p,8.86769918613589,0.213728787292798,0.237086407044155,0.901480561274833,0.367332864662147,0.67661196054857,FALSE,mmu-miR-130b-5p,mmu
hsa-miR-20b-5p,191.458772177378,-0.161526167466349,0.179595333958565,-0.899389554873487,0.36844520081714,0.67661196054857,FALSE,hsa-miR-20b-5p,hsa
mmu-let-7k,4.48233872021966,0.33834214011715,0.377415600692093,0.896470997745479,0.370001263248535,0.67661196054857,FALSE,mmu-let-7k,mmu
pha-miR-1062,0.894460240504965,0.592025697857637,0.668366287083449,0.885780311333566,0.375735921359888,0.67661196054857,FALSE,pha-miR-1062,pha
pal-miR-599-3p,18.4025106010928,-0.21318543786108,0.241238730777684,-0.883711488506971,0.376851976997955,0.67661196054857,FALSE,pal-miR-599-3p,pal
hsa-miR-330-5p,114.147067307279,0.0881904742455353,0.0998530872041061,0.883202279617738,0.377126990153748,0.67661196054857,FALSE,hsa-miR-330-5p,hsa
pal-miR-330-5p,114.147067307279,0.0881904742455353,0.0998530872041061,0.883202279617738,0.377126990153748,0.67661196054857,FALSE,pal-miR-330-5p,pal
efu-miR-182,1.39433629738716,-0.571048306305274,0.648284684367479,-0.880860399875769,0.378393383366256,0.67661196054857,FALSE,efu-miR-182,efu
hsa-miR-182-5p,1.39433629738716,-0.571048306305274,0.648284684367479,-0.880860399875769,0.378393383366256,0.67661196054857,FALSE,hsa-miR-182-5p,hsa
hsa-miR-100-5p,148.411055162858,-0.190789538160232,0.216791740705502,-0.880059072081567,0.378827309387918,0.67661196054857,FALSE,hsa-miR-100-5p,hsa
pal-miR-150-5p,229.693130665651,0.20722504841513,0.239032207880698,0.866933582936055,0.385978401621535,0.682940278958131,FALSE,pal-miR-150-5p,pal
efu-miR-15,100317.063269683,0.0965615786674245,0.111429045287083,0.866574584917651,0.38617514381198,0.682940278958131,FALSE,efu-miR-15,efu
pha-miR-1006,118.151759149367,0.141078385505576,0.166412209024799,0.847764634171473,0.396569062481573,0.697883791327867,FALSE,pha-miR-1006,pha
pha-miR-1042,2.73113646440705,-0.379521191200717,0.450049247127174,-0.843288137072414,0.399067315807304,0.698854470121084,FALSE,pha-miR-1042,pha
hsa-miR-505-5p,733.59833508444,0.194338206558902,0.233348637922272,0.832823402310304,0.404944334233411,0.702294763235723,FALSE,hsa-miR-505-5p,hsa
mmu-miR-505-5p,733.59833508444,0.194338206558902,0.233348637922272,0.832823402310304,0.404944334233411,0.702294763235723,FALSE,mmu-miR-505-5p,mmu
pal-miR-194b-5p,5470.85437005493,-0.131275274371039,0.15853226685485,-0.828066594740823,0.40763278652438,0.703558511356983,FALSE,pal-miR-194b-5p,pal
hsa-miR-196b-5p,49.1099291864586,0.140662657204714,0.171749224741897,0.819000245364136,0.412786273597186,0.709044364695645,FALSE,hsa-miR-196b-5p,hsa
hsa-miR-885-5p,0.472993523861965,-0.935970593155016,1.14829137575884,-0.815098513246683,0.415015922609709,NA,FALSE,hsa-miR-885-5p,hsa
mmu-miR-3962,10.9475092400275,-0.201767362976123,0.249916230670371,-0.807339973217849,0.419470640057758,0.717095046574929,FALSE,mmu-miR-3962,mmu
pal-miR-338-3p,203.532523572586,-0.245777467456707,0.312651990557306,-0.786105557871566,0.431805648491895,0.734383971745809,FALSE,pal-miR-338-3p,pal
pha-miR-1068,0.529336013936581,-0.759232224181184,0.969452551137631,-0.783155630763199,0.433535726301662,NA,FALSE,pha-miR-1068,pha
efu-miR-194,9805.70212482269,-0.123461009807773,0.157693392952671,-0.782918088678755,0.433675214512845,0.734383971745809,FALSE,efu-miR-194,efu
pal-miR-28-5p,1071.19394948296,-0.0582527420238956,0.0753762491565585,-0.772826224118729,0.439625231269586,0.740964591670335,FALSE,pal-miR-28-5p,pal
pha-miR-1045,2.43168734066057,-0.326304251294354,0.424342719422118,-0.76896394437667,0.441914715111483,0.741342909930012,FALSE,pha-miR-1045,pha
pha-miR-1064,0.599225741025056,-0.674998518158676,0.879104951923014,-0.767824725230063,0.442591323088348,NA,FALSE,pha-miR-1064,pha
hsa-miR-532-5p,447.180799338399,-0.0761378179229517,0.100748836621148,-0.7557190780203,0.449817643150095,0.748140016714288,FALSE,hsa-miR-532-5p,hsa
hsa-miR-28-5p,1075.57934790847,-0.0568402951267773,0.0754632162996286,-0.753218560167003,0.451318587966434,0.748140016714288,FALSE,hsa-miR-28-5p,hsa
efu-miR-28,1075.84894279025,-0.0567032400817293,0.0755346469293664,-0.750691800211277,0.452838158980355,0.748140016714288,FALSE,efu-miR-28,efu
efu-miR-532,448.918037157275,-0.0748318710456368,0.100614840531995,-0.74374585945739,0.457030239666256,0.748140016714288,FALSE,efu-miR-532,efu
hsa-miR-378d,1.00079525223129,0.668119424824297,0.898683840045713,0.743442126199033,0.457214047808638,0.748140016714288,FALSE,hsa-miR-378d,hsa
efu-miR-149,1.75062784169132,0.404390173819761,0.545464669610713,0.74136822483547,0.458470205228812,0.748140016714288,FALSE,efu-miR-149,efu
pha-miR-1063,0.515121221686618,-0.712681065091033,0.979593363385415,-0.727527453460945,0.466902903838372,NA,FALSE,pha-miR-1063,pha
pha-miR-1011,70.8136484285603,0.201754247610977,0.277805831095176,0.726241946814487,0.467690461137032,0.75445271085602,FALSE,pha-miR-1011,pha
hsa-miR-93-5p,46100.4080216151,0.0668849395806369,0.0922935892266577,0.724697567199154,0.468637587937594,0.75445271085602,FALSE,hsa-miR-93-5p,hsa
efu-miR-93,46100.647902463,0.0668838518901073,0.0922932795316616,0.724688213806104,0.468643327356247,0.75445271085602,FALSE,efu-miR-93,efu
hsa-miR-32-5p,45.8252120469593,-0.209382662171494,0.290326934796393,-0.7211961312454,0.470788851745271,0.754523204359608,FALSE,hsa-miR-32-5p,hsa
hsa-miR-582-5p,2.34971704839019,-0.314868711605434,0.441435269183385,-0.713283993342699,0.475670040322163,0.758957975447363,FALSE,hsa-miR-582-5p,hsa
hsa-miR-24-1-5p,4.44232076088542,0.23689294237434,0.33719834778465,0.702532927372558,0.482346874570767,0.759996754679964,FALSE,hsa-miR-24-1-5p,hsa
mmu-miR-24-1-5p,4.44232076088542,0.23689294237434,0.33719834778465,0.702532927372558,0.482346874570767,0.759996754679964,FALSE,mmu-miR-24-1-5p,mmu
mmu-miR-106a-5p,18.7034940316327,-0.209410419077802,0.299177430873203,-0.699953931907898,0.483956074795944,0.759996754679964,FALSE,mmu-miR-106a-5p,mmu
pha-miR-1026,17.0062094916818,-0.619207845774119,0.886328907128557,-0.698620840180164,0.484789016216467,0.759996754679964,FALSE,pha-miR-1026,pha
pal-miR-199-3p,245.439375762645,0.105650163697798,0.152251991337751,0.693916465522128,0.48773459700065,0.761290088361884,FALSE,pal-miR-199-3p,pal
pal-miR-32-5p,43.1021440410037,-0.206015345193902,0.30075087221893,-0.685003317443197,0.493341827573024,0.766708727700068,FALSE,pal-miR-32-5p,pal
pal-miR-339a-5p,50.3122703346107,-0.108039515075957,0.162360145417708,-0.665431253452016,0.505774700594483,0.78264274790267,FALSE,pal-miR-339a-5p,pal
pal-miR-339a-3p,1.64347637581902,-0.348751722094277,0.529469850646179,-0.658680983758852,0.510100646779201,0.785507272063714,FALSE,pal-miR-339a-3p,pal
pal-miR-194a-5p,367.299211417394,-0.0942344796601716,0.143947438616288,-0.654645060488828,0.512696305144934,0.785507272063714,FALSE,pal-miR-194a-5p,pal
pha-miR-1033,5.80149391104604,0.211924566150738,0.324874550410477,0.652327385703105,0.51418999703335,0.785507272063714,FALSE,pha-miR-1033,pha
pha-miR-1059,0.581909259489413,-0.583639227495911,0.897840385230356,-0.650047867189855,0.51566130253423,NA,FALSE,pha-miR-1059,pha
mmu-miR-28b,0.648709403163801,0.559824652011731,0.875943335920334,0.639110578338421,0.52275099875303,NA,FALSE,mmu-miR-28b,mmu
hsa-miR-7977,4.56834743284229,0.212208541162375,0.332339524426573,0.638529351958739,0.523129153495724,0.787054992628608,FALSE,hsa-miR-7977,hsa
pal-miR-26b-5p,79197.8013989695,0.0614778880899434,0.0964190664449418,0.637611318556472,0.52372672594235,0.787054992628608,FALSE,pal-miR-26b-5p,pal
hsa-miR-26b-5p,79225.606745188,0.0614322866349787,0.0964037244710218,0.637239764045058,0.523968680170953,0.787054992628608,FALSE,hsa-miR-26b-5p,hsa
efu-miR-26b,79225.6242867619,0.0614316337550449,0.0964035974125471,0.637233831556679,0.523972543839101,0.787054992628608,FALSE,efu-miR-26b,efu
pha-miR-1046,0.787652736447709,-0.472308739882127,0.741565239140108,-0.636907873985301,0.52418485357626,NA,FALSE,pha-miR-1046,pha
pha-miR-1001,174.254736038677,0.0875968242086978,0.140002065750326,0.625682369322425,0.531523299663621,0.795070269080167,FALSE,pha-miR-1001,pha
pha-miR-1032,8.52387489825926,-0.153700058389192,0.252459946819101,-0.608809675854543,0.542650599377414,0.80834674347092,FALSE,pha-miR-1032,pha
hsa-miR-30a-5p,6.18187334991207,-0.182615180681916,0.309202912216139,-0.590599808304084,0.554788593355057,0.816165524262772,FALSE,hsa-miR-30a-5p,hsa
pal-miR-30a-5p,6.18187334991207,-0.182615180681916,0.309202912216139,-0.590599808304084,0.554788593355057,0.816165524262772,FALSE,pal-miR-30a-5p,pal
pha-miR-1007,67.930214983443,0.0932727409209762,0.158155425529622,0.589753659152884,0.555355814914682,0.816165524262772,FALSE,pha-miR-1007,pha
pal-miR-23a-5p,0.882906879078426,-0.452235564419783,0.769192646984287,-0.587935371187996,0.556575673582008,NA,FALSE,pal-miR-23a-5p,pal
hsa-miR-378c,4.07068514635155,0.232371388151119,0.395651374423313,0.587313486500116,0.556993185081836,0.816165524262772,FALSE,hsa-miR-378c,hsa
efu-miR-499,0.734090191996821,-0.431115915077574,0.735819580261674,-0.585898944037693,0.557943426974893,NA,FALSE,efu-miR-499,efu
hsa-miR-499a-5p,0.734090191996821,-0.431115915077574,0.735819580261674,-0.585898944037693,0.557943426974893,NA,FALSE,hsa-miR-499a-5p,hsa
hsa-miR-132-5p,0.520498088895378,0.593629418058081,1.01802232160648,0.58312023760079,0.559812360972596,NA,FALSE,hsa-miR-132-5p,hsa
mmu-miR-132-5p,0.520498088895378,0.593629418058081,1.01802232160648,0.58312023760079,0.559812360972596,NA,FALSE,mmu-miR-132-5p,mmu
pal-miR-376b-3p,0.306709085108394,0.97816283434345,1.68527047905535,0.58041889803454,0.56163216408787,NA,FALSE,pal-miR-376b-3p,pal
efu-miR-99b,19.2344482266353,0.191356767031904,0.330850169411527,0.578378930173331,0.563008315862503,0.816998884332411,FALSE,efu-miR-99b,efu
hsa-miR-99b-5p,19.2344482266353,0.191356767031904,0.330850169411527,0.578378930173331,0.563008315862503,0.816998884332411,FALSE,hsa-miR-99b-5p,hsa
mmu-miR-24-2-5p,1.34568973066596,-0.355499175227374,0.618731526245006,-0.574561276010693,0.565588047797697,0.816998884332411,FALSE,mmu-miR-24-2-5p,mmu
pal-miR-339b-5p,4.31043873116788,-0.196375907393512,0.342733277352329,-0.572970062640397,0.566664964341979,0.816998884332411,FALSE,pal-miR-339b-5p,pal
pha-miR-1053,1.5164056441598,0.323068738906537,0.573992900545754,0.562844485705942,0.573540785033204,0.823604567307681,FALSE,pha-miR-1053,pha
pha-miR-1070,0.742859290579085,-0.522336380010831,0.945711132035344,-0.552321276885752,0.58072825562661,NA,FALSE,pha-miR-1070,pha
pal-miR-1249-3p,6.33950475596461,0.187968069407678,0.345724211943426,0.543693681015424,0.586652281517517,0.836995119132098,FALSE,pal-miR-1249-3p,pal
mmu-miR-378c,4.24270179578489,0.198151498893505,0.365309505378497,0.542420867719279,0.58752860730164,0.836995119132098,FALSE,mmu-miR-378c,mmu
mmu-miR-124b-3p,0.980653847576616,-0.340069706063448,0.667227137624574,-0.509676071141449,0.610278419834492,0.84932259686139,FALSE,mmu-miR-124b-3p,mmu
pha-miR-1014,26.909511665078,0.139937072300434,0.274819545076187,0.509196215508035,0.610614695529081,0.84932259686139,FALSE,pha-miR-1014,pha
mmu-miR-1306-5p,962.670659636249,0.0603950780401615,0.119588990492456,0.505022057561152,0.613543343632726,0.84932259686139,FALSE,mmu-miR-1306-5p,mmu
hsa-miR-1306-5p,962.636865134388,0.060296187986235,0.119591784285645,0.504183362982676,0.614132530436611,0.84932259686139,FALSE,hsa-miR-1306-5p,hsa
mmu-miR-146b-5p,2851.01322151811,-0.0495979941914109,0.100296632874378,-0.494513053628956,0.620943889751422,0.84932259686139,FALSE,mmu-miR-146b-5p,mmu
hsa-miR-146b-5p,2850.99382930371,-0.0495786594229356,0.100297009775697,-0.494318420198295,0.621081318162166,0.84932259686139,FALSE,hsa-miR-146b-5p,hsa
pal-miR-146b-5p,2850.41566286399,-0.0495832155218318,0.10031205509406,-0.494289699033069,0.621101598963895,0.84932259686139,FALSE,pal-miR-146b-5p,pal
efu-miR-188,2.02846104043554,0.223330880623326,0.453545743221007,0.492410928691045,0.622428875014026,0.84932259686139,FALSE,efu-miR-188,efu
hsa-miR-188-5p,2.02846104043554,0.223330880623326,0.453545743221007,0.492410928691045,0.622428875014026,0.84932259686139,FALSE,hsa-miR-188-5p,hsa
efu-miR-125b,2070.85204840757,-0.131865934156538,0.268628530681205,-0.490885811057164,0.623507213112348,0.84932259686139,FALSE,efu-miR-125b,efu
hsa-miR-125b-5p,4141.71397143067,-0.131787157963631,0.268542643673319,-0.490749462211856,0.623603658248677,0.84932259686139,FALSE,hsa-miR-125b-5p,hsa
hsa-miR-382-5p,0.236280852441887,-1.44561891043634,2.94883494007605,-0.49023391943364,0.62396838114369,NA,FALSE,hsa-miR-382-5p,hsa
pal-miR-301b-3p,1.92098172622219,0.267303387681194,0.546206344685256,0.489381696646574,0.624571491842359,0.84932259686139,FALSE,pal-miR-301b-3p,pal
efu-miR-154,0.1670819584515,1.11675567018888,2.3090990566712,0.483632638869463,0.628646606815456,NA,FALSE,efu-miR-154,efu
pha-miR-1002,248.760494592626,0.0743325254916466,0.155322450209875,0.478569101834325,0.632245203863,0.856347970758093,FALSE,pha-miR-1002,pha
hsa-miR-27b-5p,3.52831400958928,0.187768774136652,0.394977805501767,0.475390696695267,0.634508524294297,0.856347970758093,FALSE,hsa-miR-27b-5p,hsa
pha-miR-1031,3.91386483868824,-0.161995717805907,0.344741566217529,-0.469904803135022,0.638423032548683,0.857221896336159,FALSE,pha-miR-1031,pha
efu-miR-138a,48.8211102367421,-0.0727212196280018,0.156032339156643,-0.466065047932121,0.641168940642398,0.857221896336159,FALSE,efu-miR-138a,efu
hsa-miR-4443,0.994719800641233,0.35692028856048,0.776346917143588,0.459743293466916,0.645700490342947,0.857221896336159,FALSE,hsa-miR-4443,hsa
efu-miR-628,16.5939849588936,-0.0949387820050933,0.207047336788999,-0.458536600747706,0.646566973317453,0.857221896336159,FALSE,efu-miR-628,efu
pha-miR-1004,239.69202304929,0.0940179664558272,0.205368424695659,0.45780146872702,0.647095080521167,0.857221896336159,FALSE,pha-miR-1004,pha
hsa-miR-1271-5p,34.8327713857095,-0.116423102277179,0.264995675358632,-0.439339631183104,0.660415461946674,0.865905893462549,FALSE,hsa-miR-1271-5p,hsa
hsa-miR-205-5p,2.74572196277294,0.195244469670476,0.445062809116383,0.438689698782313,0.660886392224898,0.865905893462549,FALSE,hsa-miR-205-5p,hsa
pal-miR-205-5p,2.74572196277294,0.195244469670476,0.445062809116383,0.438689698782313,0.660886392224898,0.865905893462549,FALSE,pal-miR-205-5p,pal
hsa-miR-628-5p,16.7151637787365,-0.0875847940489584,0.205605193527173,-0.425985319468027,0.670118543359418,0.873881168310143,FALSE,hsa-miR-628-5p,hsa
pal-miR-23a-3p,3872.08008924153,0.0409553724493815,0.0974470877585246,0.420283185382302,0.674278591902183,0.873881168310143,FALSE,pal-miR-23a-3p,pal
hsa-miR-92a-2-5p,0.686412043142881,0.372121320749077,0.887292088295242,0.41938987809982,0.674931220292287,NA,FALSE,hsa-miR-92a-2-5p,hsa
hsa-miR-10b-5p,158.846437201756,0.115795932122417,0.277181632015568,0.417761924844693,0.676121191626256,0.873881168310143,FALSE,hsa-miR-10b-5p,hsa
hsa-miR-411-5p,0.306162336495074,-0.58004684965213,1.39770207885458,-0.415000348377159,0.678141648093516,NA,FALSE,hsa-miR-411-5p,hsa
pal-miR-10b-5p,158.680332109698,0.112914935684108,0.276828615324864,0.407887513910366,0.683356259992336,0.873881168310143,FALSE,pal-miR-10b-5p,pal
mmu-miR-503-5p,29.2264056139027,0.0855406936630339,0.210848881551055,0.405696691553572,0.684965473494667,0.873881168310143,FALSE,mmu-miR-503-5p,mmu
hsa-miR-484,4586.43233003058,-0.0805245012296886,0.199850835925207,-0.402923014341678,0.687004860150529,0.873881168310143,FALSE,hsa-miR-484,hsa
pal-miR-484-5p,4579.33659402646,-0.0802350992048828,0.199722209812795,-0.40173348412322,0.687880179089506,0.873881168310143,FALSE,pal-miR-484-5p,pal
pal-miR-338-5p,21.5623040146117,-0.118857181309224,0.296306129242826,-0.401129674951202,0.688324653811858,0.873881168310143,FALSE,pal-miR-338-5p,pal
pha-miR-1049,1.57759922409726,0.194575070118632,0.495217578179872,0.392908246176914,0.694387250824453,0.873881168310143,FALSE,pha-miR-1049,pha
pha-miR-1029,11.8498143583594,-0.0774941469285631,0.197942283935718,-0.391498700468312,0.695428649047107,0.873881168310143,FALSE,pha-miR-1029,pha
pha-miR-1050,1.90808092008035,0.21065322452619,0.542637360470092,0.388202582188037,0.69786612241932,0.873881168310143,FALSE,pha-miR-1050,pha
efu-miR-450,4.21854410688429,0.164125522589883,0.435857544890989,0.376557718258455,0.706502314481508,0.873881168310143,FALSE,efu-miR-450,efu
hsa-miR-128-1-5p,12.3051372196885,-0.0917150139968587,0.243639097539012,-0.37643799752695,0.706591301911298,0.873881168310143,FALSE,hsa-miR-128-1-5p,hsa
mmu-miR-128-1-5p,12.3051372196885,-0.0917150139968587,0.243639097539012,-0.37643799752695,0.706591301911298,0.873881168310143,FALSE,mmu-miR-128-1-5p,mmu
efu-miR-205,2.77428305808106,0.165444125006946,0.446660151010054,0.370402697963583,0.71108246386021,0.873881168310143,FALSE,efu-miR-205,efu
efu-miR-27a,2.56764526858438,0.139700177749043,0.380832483127559,0.36682841915628,0.713747007753372,0.873881168310143,FALSE,efu-miR-27a,efu
hsa-miR-27a-5p,2.56764526858438,0.139700177749043,0.380832483127559,0.36682841915628,0.713747007753372,0.873881168310143,FALSE,hsa-miR-27a-5p,hsa
pal-miR-532-5p,4.4195105396229,-0.109397138040962,0.307332429660769,-0.35595702725454,0.721872747409203,0.873881168310143,FALSE,pal-miR-532-5p,pal
hsa-miR-96-5p,1.10355921082745,-0.313823842198504,0.886529952115376,-0.353991245811469,0.723345443851601,0.873881168310143,FALSE,hsa-miR-96-5p,hsa
pal-miR-33b-3p,4.94391906282984,0.118946565179069,0.339020530190849,0.350853575481429,0.725698201486334,0.873881168310143,FALSE,pal-miR-33b-3p,pal
pal-miR-542-5p,1.31411252902723,-0.218578883110283,0.629541684374234,-0.347203193268371,0.728438672014435,0.873881168310143,FALSE,pal-miR-542-5p,pal
hsa-miR-7-5p,960.916004468174,-0.0564944335386369,0.166402731475387,-0.339504243937205,0.734229900540755,0.873881168310143,FALSE,hsa-miR-7-5p,hsa
mmu-miR-7a-5p,320.399540053138,-0.0552452183170839,0.166378220377135,-0.332045974478256,0.739854543882906,0.873881168310143,FALSE,mmu-miR-7a-5p,mmu
pha-miR-1043,1.84370455107534,-0.16793279971699,0.506539784242959,-0.331529338742801,0.740244683694252,0.873881168310143,FALSE,pha-miR-1043,pha
efu-miR-7a,320.371188228728,-0.0549927858322057,0.166401360351847,-0.330482790020023,0.741035194398787,0.873881168310143,FALSE,efu-miR-7a,efu
efu-miR-7c,319.926666386952,-0.055012344164303,0.166626993755098,-0.330152653688021,0.741284619691175,0.873881168310143,FALSE,efu-miR-7c,efu
efu-miR-497,126.09611059164,-0.0455024199230661,0.140449471698499,-0.323977152585847,0.745955331736277,0.873881168310143,FALSE,efu-miR-497,efu
hsa-miR-497-5p,126.09611059164,-0.0455024199230661,0.140449471698499,-0.323977152585847,0.745955331736277,0.873881168310143,FALSE,hsa-miR-497-5p,hsa
mmu-miR-497a-5p,126.09611059164,-0.0455024199230661,0.140449471698499,-0.323977152585847,0.745955331736277,0.873881168310143,FALSE,mmu-miR-497a-5p,mmu
mmu-miR-182-5p,0.57415062535608,-0.347663375307947,1.08247719499141,-0.321173856517787,0.748078642959527,NA,FALSE,mmu-miR-182-5p,mmu
pal-miR-151-3p,481.979601209753,0.0394760014175228,0.123278697789841,0.320217540623437,0.748803427220514,0.873881168310143,FALSE,pal-miR-151-3p,pal
mmu-miR-126b-3p,0.635439141883467,-0.25526365117368,0.802227804557011,-0.318193472880981,0.750338183567344,NA,FALSE,mmu-miR-126b-3p,mmu
hsa-miR-363-5p,0.999573931132058,0.23871959815413,0.75084658366002,0.317933920655916,0.750535061582049,0.873881168310143,FALSE,hsa-miR-363-5p,hsa
pal-miR-363-5p,0.999573931132058,0.23871959815413,0.75084658366002,0.317933920655916,0.750535061582049,0.873881168310143,FALSE,pal-miR-363-5p,pal
pal-miR-371-5p,1.40683376771129,-0.198103465732501,0.623834705596758,-0.317557622163704,0.750820523931663,0.873881168310143,FALSE,pal-miR-371-5p,pal
efu-miR-7b,320.618149852494,-0.0521916063116872,0.166823305647531,-0.312855605570837,0.75439036719846,0.873881168310143,FALSE,efu-miR-7b,efu
pha-miR-1035,5.01698783949165,0.1077579304638,0.346354239572027,0.31112057585018,0.755708959584065,0.873881168310143,FALSE,pha-miR-1035,pha
pal-miR-190b-5p,94.2571765409736,0.0433389644234002,0.139979883797623,0.309608518364381,0.756858677684146,0.873881168310143,FALSE,pal-miR-190b-5p,pal
hsa-miR-138-5p,102.525533216441,-0.0492816353281551,0.160389442024998,-0.30726234037571,0.758643698093762,0.873881168310143,FALSE,hsa-miR-138-5p,hsa
hsa-miR-4523,4.49584479953235,-0.108308589128565,0.353750246812181,-0.306172476498852,0.759473327333607,0.873881168310143,FALSE,hsa-miR-4523,hsa
hsa-miR-190b-5p,94.3619848537404,0.0424336570092044,0.140060279465134,0.302967102245199,0.761914932641467,0.873889651176635,FALSE,hsa-miR-190b-5p,hsa
efu-miR-379,0.278850769523769,-0.385346521939972,1.31685779741153,-0.292625766196946,0.769808216874151,NA,FALSE,efu-miR-379,efu
hsa-miR-379-5p,0.278850769523769,-0.385346521939972,1.31685779741153,-0.292625766196946,0.769808216874151,NA,FALSE,hsa-miR-379-5p,hsa
hsa-miR-339-5p,38.3396750885761,-0.0460410863825155,0.158869243982975,-0.289804906401201,0.77196549411188,0.882597491675684,FALSE,hsa-miR-339-5p,hsa
efu-miR-335,1.40103596513862,-0.169676342290973,0.651725568519853,-0.260349371709212,0.794594292125724,0.901702709025731,FALSE,efu-miR-335,efu
pal-miR-335-5p,1.40103596513862,-0.169676342290973,0.651725568519853,-0.260349371709212,0.794594292125724,0.901702709025731,FALSE,pal-miR-335-5p,pal
pha-miR-1019,12.4463777293554,-0.0632994454804813,0.245105557503193,-0.258253815724503,0.796211027189852,0.901702709025731,FALSE,pha-miR-1019,pha
pha-miR-1056,0.779403524645706,-0.205671328538009,0.809077320579549,-0.254204787733619,0.799337351996954,NA,FALSE,pha-miR-1056,pha
pha-miR-1040,2.17048476990588,-0.172945903675723,0.680357761803339,-0.254198472311564,0.799342230771157,0.902253858762285,FALSE,pha-miR-1040,pha
hsa-miR-1296-5p,5.51952011732555,0.0926109212767344,0.368796908122125,0.251116316967784,0.801724180905763,0.902253858762285,FALSE,hsa-miR-1296-5p,hsa
pha-miR-1025,12.8652210091293,-0.377512840647574,1.52715764661195,-0.247199653215305,0.804753713671685,0.902833072525421,FALSE,pha-miR-1025,pha
hsa-miR-6516-5p,0.705524037103407,-0.199006814298507,0.813429536498876,-0.244651571364205,0.806726229011715,NA,FALSE,hsa-miR-6516-5p,hsa
hsa-miR-190a-5p,0.861313897812165,-0.182638662132497,0.821151446383119,-0.222417756111806,0.823988690593743,NA,FALSE,hsa-miR-190a-5p,hsa
pha-miR-1060,0.978868229734569,0.145981375271878,0.658446133420491,0.221705873665831,0.824542857378123,0.922152292207932,FALSE,pha-miR-1060,pha
efu-miR-138b,53.7044229796993,-0.0341511306043857,0.159938440785959,-0.213526719633895,0.830916150386684,0.924752042692004,FALSE,efu-miR-138b,efu
hsa-miR-23a-5p,0.999166919047193,-0.148629249543224,0.711967928705761,-0.208758349288861,0.834636887349896,0.924752042692004,FALSE,hsa-miR-23a-5p,hsa
pha-miR-1052,0.981091714277184,-0.144705677713695,0.69484360644132,-0.208256471488329,0.835028717177408,0.924752042692004,FALSE,pha-miR-1052,pha
efu-miR-145,16.1966258124754,0.0598137457013319,0.294790052911861,0.202902862937562,0.83921095652777,0.924752042692004,FALSE,efu-miR-145,efu
pha-miR-1024,7.39591598768766,0.0542284997320721,0.26816966077184,0.202217132154297,0.839746980271848,0.924752042692004,FALSE,pha-miR-1024,pha
hsa-miR-378a-5p,0.601886379465208,-0.157490200795506,0.848354796035556,-0.185641905404994,0.852725588971906,NA,FALSE,hsa-miR-378a-5p,hsa
hsa-miR-500a-5p,151.133309731173,-0.016492891319517,0.0896323861142008,-0.184005938417208,0.854008796285943,0.934960307556595,FALSE,hsa-miR-500a-5p,hsa
pha-miR-1010,67.2328259413779,0.0356064417741386,0.193798051584953,0.183729616902419,0.854225573477892,0.934960307556595,FALSE,pha-miR-1010,pha
pha-miR-1047,2.10777439238906,0.0963556545030439,0.555738461332665,0.173383095119928,0.862350312006194,0.936276921257938,FALSE,pha-miR-1047,pha
efu-miR-221,40.7651620969887,0.0254975833634612,0.152152690956822,0.167578918276884,0.86691455741619,0.936276921257938,FALSE,efu-miR-221,efu
hsa-miR-221-5p,40.7651620969887,0.0254975833634612,0.152152690956822,0.167578918276884,0.86691455741619,0.936276921257938,FALSE,hsa-miR-221-5p,hsa
mmu-miR-221-5p,40.7651620969887,0.0254975833634612,0.152152690956822,0.167578918276884,0.86691455741619,0.936276921257938,FALSE,mmu-miR-221-5p,mmu
pha-miR-1044,2.06313448389057,0.0867522910689245,0.525157532381913,0.165192891122497,0.86879216045948,0.936276921257938,FALSE,pha-miR-1044,pha
pal-miR-10a-5p,504.675527769512,0.0245391520780386,0.151204493369789,0.162291156374732,0.871076578551954,0.936276921257938,FALSE,pal-miR-10a-5p,pal
hsa-miR-10a-5p,508.639890576317,0.0240521063344339,0.15130272989841,0.15896677046464,0.873695054201143,0.936288132711076,FALSE,hsa-miR-10a-5p,hsa
pha-miR-1054,1.8446577603052,0.0786942965771085,0.541354702751258,0.145365499139789,0.884422302984439,0.93877823359323,FALSE,pha-miR-1054,pha
hsa-miR-196a-5p,3.16549953359695,-0.0647518368843555,0.453212666025735,-0.142872963927003,0.886390511148919,0.93877823359323,FALSE,hsa-miR-196a-5p,hsa
hsa-miR-542-5p,1.52636761881346,0.07947871788989,0.5640593413319,0.140904887245052,0.88794508120773,0.93877823359323,FALSE,hsa-miR-542-5p,hsa
mmu-miR-542-5p,1.52636761881346,0.07947871788989,0.5640593413319,0.140904887245052,0.88794508120773,0.93877823359323,FALSE,mmu-miR-542-5p,mmu
hsa-miR-301a-5p,0.567342330970089,0.136891311524,0.97635166151637,0.140206973490877,0.88849646228283,NA,FALSE,hsa-miR-301a-5p,hsa
pha-miR-1057,0.535569578904735,0.130834669498145,0.936036055756919,0.139775245508408,0.888837572486872,NA,FALSE,pha-miR-1057,pha
hsa-miR-409-5p,0.0765405240553587,0.366677549290289,2.768112100286,0.132464848245273,0.894616625008975,NA,FALSE,hsa-miR-409-5p,hsa
pha-miR-1036,1.2117435928411,-0.0734215365629908,0.559025119227095,-0.131338528516399,0.895507514406818,0.93877823359323,FALSE,pha-miR-1036,pha
hsa-miR-125a-5p,20.0493421319721,0.0471636977954659,0.361970381564732,0.130297118763104,0.896331359532269,0.93877823359323,FALSE,hsa-miR-125a-5p,hsa
pal-miR-125a-5p,20.0493421319721,0.0471636977954659,0.361970381564732,0.130297118763104,0.896331359532269,0.93877823359323,FALSE,pal-miR-125a-5p,pal
hsa-miR-103a-2-5p,14.7794141856166,0.0302463492992208,0.233509010609183,0.129529688042074,0.896938535160106,0.93877823359323,FALSE,hsa-miR-103a-2-5p,hsa
pha-miR-1061,0.468607406173081,-0.128144463477144,1.01513529213102,-0.126233876873828,0.899546795978806,NA,FALSE,pha-miR-1061,pha
pal-miR-199-3-5p,0.898652179602288,0.101760652451981,0.807856197767051,0.125963819715999,0.899760564086129,0.938994309613141,FALSE,pal-miR-199-3-5p,pal
pal-miR-107a-3p,12240.5336759297,0.00965148234399561,0.094491252631164,0.1021415430026,0.918644326882107,0.955922647393265,FALSE,pal-miR-107a-3p,pal
hsa-miR-450b-5p,0.647002413612879,-0.0768352066556362,0.754581464735733,-0.101824932424685,0.918895635292291,NA,FALSE,hsa-miR-450b-5p,hsa
pal-miR-450b-5p,0.647002413612879,-0.0768352066556362,0.754581464735733,-0.101824932424685,0.918895635292291,NA,FALSE,pal-miR-450b-5p,pal
pal-miR-23b-3p,1583.74951941412,-0.00760704887156318,0.0782434499451609,-0.0972228202730681,0.922549445932993,0.957211708352441,FALSE,pal-miR-23b-3p,pal
pha-miR-1028,4.60645660194804,-0.0695333926419548,0.939858516099621,-0.0739828298098695,0.941024047641655,0.973566666003903,FALSE,pha-miR-1028,pha
pal-miR-381-3p,0.0596992602258257,-0.214692479227395,2.95650585798972,-0.0726169639228707,0.942110927101597,NA,FALSE,pal-miR-381-3p,pal
pha-miR-1016,21.6109398711743,-0.0787949227066327,1.51479005835917,-0.0520170582529331,0.958515101293803,0.986695309477561,FALSE,pha-miR-1016,pha
hsa-miR-500b-5p,141.746889153511,-0.00466221686444099,0.0911585955563496,-0.0511440181366007,0.959210760467044,0.986695309477561,FALSE,hsa-miR-500b-5p,hsa
efu-miR-210,2.92546787170072,0.0213225083404313,0.526377930557183,0.0405079831478895,0.967688142635282,0.989771188577876,FALSE,efu-miR-210,efu
pal-miR-125b-2-3p,23.3776418167699,-0.0067303615966653,0.190780528380063,-0.0352780320602606,0.971858040301607,0.989771188577876,FALSE,pal-miR-125b-2-3p,pal
hsa-miR-151a-5p,1916.79903047105,0.00310501309042162,0.0995298071693566,0.0311968160968928,0.975112579066675,0.989771188577876,FALSE,hsa-miR-151a-5p,hsa
efu-miR-30b,2023.70011873027,0.0034692594859312,0.126289913148043,0.027470598398974,0.978084390072684,0.989771188577876,FALSE,efu-miR-30b,efu
pal-miR-30c-5p,2021.45530464458,0.00338052553942457,0.126313937023846,0.0267628863376049,0.978648855019476,0.989771188577876,FALSE,pal-miR-30c-5p,pal
hsa-miR-30c-5p,4047.02115367149,0.00301190133019279,0.126233351656304,0.0238597905440497,0.980964447641727,0.989771188577876,FALSE,hsa-miR-30c-5p,hsa
pha-miR-1037,4.35838056569883,0.00890055360114853,0.388396943743431,0.0229161267732016,0.98171717646894,0.989771188577876,FALSE,pha-miR-1037,pha
pal-miR-599-5p,0.618315366221809,0.0196419694342951,0.890697310793193,0.0220523506653493,0.982406195882179,NA,FALSE,pal-miR-599-5p,pal
pal-miR-107b-3p,10.2345589228537,0.00458124865426596,0.2321732563572,0.0197320256697338,0.984257142959058,0.989771188577876,FALSE,pal-miR-107b-3p,pal
hsa-miR-449b-5p,0.699928824896257,0.0187439446144495,1.15921365086861,0.0161695340633751,0.987099140581095,NA,FALSE,hsa-miR-449b-5p,hsa
hsa-miR-199b-5p,0.939308248969801,0.00413106935675892,0.780598712236871,0.00529218059420184,0.995777470521102,0.998558971835407,FALSE,hsa-miR-199b-5p,hsa
efu-miR-196,1.62508458614585,-0.000205090995814035,0.48530926878577,-0.0004225985552,0.999662815147425,0.999662815147425,FALSE,efu-miR-196,efu
